{
"type": "FeatureCollection",
"name": "OverlayDistricts",
"features": [
{ "type": "Feature", "properties": { "District": "Boynton Yards", "DistType": "Master Planned Development", "Shape_Leng": 4569.7410745500001, "Shape_Area": 911124.66068600002 }, "geometry": { "type": "Polygon", "coordinates": [ [ [ -71.0899213, 42.3749507 ], [ -71.0899363, 42.3749522 ], [ -71.0899186, 42.3750477 ], [ -71.0899186, 42.3750478 ], [ -71.0898836, 42.3752381 ], [ -71.0897264, 42.3752221 ], [ -71.0897081, 42.3752203 ], [ -71.0896108, 42.3757477 ], [ -71.0907945, 42.3758766 ], [ -71.0907949, 42.3758497 ], [ -71.0908644, 42.3758595 ], [ -71.0910187, 42.3758812 ], [ -71.0911773, 42.3759061 ], [ -71.0913354, 42.375933 ], [ -71.091564, 42.3759759 ], [ -71.0917203, 42.3760078 ], [ -71.0918759, 42.3760417 ], [ -71.092005, 42.3760717 ], [ -71.0920306, 42.3760777 ], [ -71.0921844, 42.3761156 ], [ -71.0923374, 42.3761556 ], [ -71.0923932, 42.376171 ], [ -71.0924893, 42.3761975 ], [ -71.0926942, 42.3762541 ], [ -71.0928259, 42.376293 ], [ -71.0929567, 42.3763336 ], [ -71.0930865, 42.3763759 ], [ -71.0932153, 42.3764199 ], [ -71.093343, 42.3764655 ], [ -71.0934697, 42.3765128 ], [ -71.0935045, 42.3765264 ], [ -71.0935574, 42.376547 ], [ -71.0936691, 42.3758859 ], [ -71.0936713, 42.3758732 ], [ -71.0937238, 42.3758788 ], [ -71.0939818, 42.3758774 ], [ -71.0939827, 42.3758773 ], [ -71.0941284, 42.3758696 ], [ -71.0941995, 42.3758631 ], [ -71.0942433, 42.3758566 ], [ -71.0942808, 42.3758473 ], [ -71.0943038, 42.3758381 ], [ -71.0943485, 42.3758366 ], [ -71.0943902, 42.3758399 ], [ -71.0951568, 42.3759114 ], [ -71.0951285, 42.3758016 ], [ -71.0950773, 42.3756395 ], [ -71.0950257, 42.3754766 ], [ -71.0950087, 42.3754227 ], [ -71.0948779, 42.3750091 ], [ -71.0948582, 42.3749469 ], [ -71.0947731, 42.3746776 ], [ -71.0946938, 42.374427 ], [ -71.0946525, 42.3742964 ], [ -71.0945768, 42.374293 ], [ -71.0944521, 42.3742876 ], [ -71.0942796, 42.3742785 ], [ -71.09426, 42.3742776 ], [ -71.0938003, 42.3742556 ], [ -71.0937398, 42.3742527 ], [ -71.0936465, 42.3742482 ], [ -71.0936334, 42.3742476 ], [ -71.0932523, 42.3742179 ], [ -71.09293, 42.3741928 ], [ -71.0928482, 42.3741864 ], [ -71.0927739, 42.3741806 ], [ -71.0915263, 42.3740834 ], [ -71.0914589, 42.3740782 ], [ -71.0914304, 42.3740759 ], [ -71.0913476, 42.3744158 ], [ -71.0911872, 42.3743965 ], [ -71.0910468, 42.374381 ], [ -71.0908155, 42.3743553 ], [ -71.0908053, 42.3743542 ], [ -71.0907011, 42.3743435 ], [ -71.0904983, 42.3743225 ], [ -71.0902883, 42.3742969 ], [ -71.0901786, 42.3742843 ], [ -71.0896332, 42.3742244 ], [ -71.0896169, 42.3743063 ], [ -71.0895725, 42.3745303 ], [ -71.0894969, 42.3749108 ], [ -71.0895888, 42.3749188 ], [ -71.0896806, 42.3749276 ], [ -71.0897714, 42.3749363 ], [ -71.0898691, 42.3749457 ], [ -71.0899213, 42.3749507 ] ] ] } },
{ "type": "Feature", "properties": { "District": "North Point", "DistType": "Master Planned Development", "Shape_Leng": 1923.70765893, "Shape_Area": 187692.24302299999 }, "geometry": { "type": "Polygon", "coordinates": [ [ [ -71.0741548, 42.3725462 ], [ -71.074118, 42.3725472 ], [ -71.0740666, 42.3725561 ], [ -71.0740187, 42.3725636 ], [ -71.0739541, 42.3725774 ], [ -71.073889, 42.3725904 ], [ -71.0738394, 42.3725997 ], [ -71.0737896, 42.3726164 ], [ -71.0737322, 42.3726366 ], [ -71.0736083, 42.3726845 ], [ -71.0736045, 42.3726859 ], [ -71.0734752, 42.3727347 ], [ -71.0732587, 42.3728139 ], [ -71.0731433, 42.3728513 ], [ -71.0729796, 42.3728947 ], [ -71.0728726, 42.3729238 ], [ -71.0727384, 42.3729597 ], [ -71.0726768, 42.3729746 ], [ -71.0726313, 42.3729848 ], [ -71.0726027, 42.3729892 ], [ -71.0727288, 42.3733223 ], [ -71.0754996, 42.3736351 ], [ -71.0754994, 42.3736349 ], [ -71.0754464, 42.3735895 ], [ -71.0754191, 42.373555 ], [ -71.0753957, 42.3735261 ], [ -71.0753767, 42.3734962 ], [ -71.0753513, 42.3734583 ], [ -71.0753201, 42.3734092 ], [ -71.075282, 42.3733555 ], [ -71.0752687, 42.373326 ], [ -71.0752433, 42.3732803 ], [ -71.0752247, 42.3732278 ], [ -71.075204, 42.3731668 ], [ -71.0751793, 42.3731118 ], [ -71.0751363, 42.373042 ], [ -71.0750909, 42.3729684 ], [ -71.0750801, 42.3729531 ], [ -71.0750573, 42.3729208 ], [ -71.0750272, 42.3728902 ], [ -71.0749726, 42.3728199 ], [ -71.07494, 42.3727841 ], [ -71.074915, 42.3727566 ], [ -71.0748674, 42.3727113 ], [ -71.0748259, 42.3726807 ], [ -71.074776, 42.3726554 ], [ -71.074716, 42.3726235 ], [ -71.0746658, 42.3726054 ], [ -71.074578, 42.3725858 ], [ -71.0745238, 42.3725714 ], [ -71.0744725, 42.3725632 ], [ -71.0744252, 42.3725547 ], [ -71.0743667, 42.3725519 ], [ -71.0743148, 42.3725456 ], [ -71.0742373, 42.3725424 ], [ -71.0741548, 42.3725462 ] ] ] } },
{ "type": "Feature", "properties": { "District": "North Point", "DistType": "Master Planned Development", "Shape_Leng": 1290.1089676, "Shape_Area": 57767.943066100001 }, "geometry": { "type": "Polygon", "coordinates": [ [ [ -71.0773444, 42.3734393 ], [ -71.0772891, 42.3734453 ], [ -71.0772512, 42.3734539 ], [ -71.077202, 42.3734662 ], [ -71.0769008, 42.3735437 ], [ -71.0767084, 42.3735979 ], [ -71.0766347, 42.3736202 ], [ -71.0765702, 42.3736397 ], [ -71.076532, 42.3736588 ], [ -71.0764527, 42.3736925 ], [ -71.0763467, 42.3737286 ], [ -71.0763319, 42.3737325 ], [ -71.0785252, 42.3739889 ], [ -71.0785137, 42.3739811 ], [ -71.0784701, 42.3739569 ], [ -71.0784458, 42.3739323 ], [ -71.0783985, 42.3738961 ], [ -71.0783837, 42.3738786 ], [ -71.0782369, 42.3737613 ], [ -71.0781357, 42.3736804 ], [ -71.0780882, 42.3736479 ], [ -71.0780429, 42.3736159 ], [ -71.0779526, 42.3735639 ], [ -71.0778659, 42.3735182 ], [ -71.0778081, 42.3734885 ], [ -71.0777632, 42.3734715 ], [ -71.0777329, 42.3734664 ], [ -71.0776772, 42.373459 ], [ -71.077621, 42.3734507 ], [ -71.0775687, 42.3734465 ], [ -71.0775123, 42.3734419 ], [ -71.0774711, 42.3734416 ], [ -71.0774218, 42.3734379 ], [ -71.0773828, 42.3734368 ], [ -71.0773444, 42.3734393 ] ] ] } },
{ "type": "Feature", "properties": { "District": "North Point", "DistType": "Master Planned Development", "Shape_Leng": 736.58932172599998, "Shape_Area": 12807.340462300001 }, "geometry": { "type": "Polygon", "coordinates": [ [ [ -71.0805689, 42.3742276 ], [ -71.0805695, 42.3742276 ], [ -71.0805702, 42.3742276 ], [ -71.0805708, 42.3742276 ], [ -71.0805715, 42.3742275 ], [ -71.0805721, 42.3742275 ], [ -71.0805728, 42.3742275 ], [ -71.0805734, 42.3742274 ], [ -71.080574, 42.3742274 ], [ -71.0805747, 42.3742273 ], [ -71.0805753, 42.3742272 ], [ -71.0805759, 42.3742271 ], [ -71.0805766, 42.3742271 ], [ -71.0805772, 42.374227 ], [ -71.0805778, 42.3742269 ], [ -71.0805785, 42.3742268 ], [ -71.0805791, 42.3742266 ], [ -71.0805797, 42.3742265 ], [ -71.0805803, 42.3742264 ], [ -71.0805809, 42.3742262 ], [ -71.0805816, 42.3742261 ], [ -71.0805822, 42.3742259 ], [ -71.0805828, 42.3742257 ], [ -71.0805834, 42.3742256 ], [ -71.080584, 42.3742254 ], [ -71.0805846, 42.3742252 ], [ -71.0805852, 42.374225 ], [ -71.0805857, 42.3742248 ], [ -71.0805863, 42.3742246 ], [ -71.0805869, 42.3742244 ], [ -71.0805875, 42.3742241 ], [ -71.080588, 42.3742239 ], [ -71.0805886, 42.3742236 ], [ -71.0805891, 42.3742234 ], [ -71.0805897, 42.3742231 ], [ -71.0805902, 42.3742229 ], [ -71.0805907, 42.3742226 ], [ -71.0805913, 42.3742223 ], [ -71.0805918, 42.374222 ], [ -71.0805923, 42.3742217 ], [ -71.0805928, 42.3742214 ], [ -71.0805933, 42.3742211 ], [ -71.0805938, 42.3742208 ], [ -71.0805943, 42.3742205 ], [ -71.0805947, 42.3742202 ], [ -71.0805952, 42.3742199 ], [ -71.0805957, 42.3742195 ], [ -71.0805961, 42.3742192 ], [ -71.0805966, 42.3742188 ], [ -71.080597, 42.3742185 ], [ -71.0805974, 42.3742181 ], [ -71.0805979, 42.3742178 ], [ -71.0805983, 42.3742174 ], [ -71.0805987, 42.374217 ], [ -71.0805991, 42.3742166 ], [ -71.0805994, 42.3742163 ], [ -71.0805998, 42.3742159 ], [ -71.0806002, 42.3742155 ], [ -71.0806006, 42.3742151 ], [ -71.0806009, 42.3742147 ], [ -71.0806012, 42.3742143 ], [ -71.0806016, 42.3742138 ], [ -71.0806019, 42.3742134 ], [ -71.0806022, 42.374213 ], [ -71.0806025, 42.3742126 ], [ -71.0806028, 42.3742121 ], [ -71.0806031, 42.3742117 ], [ -71.0806033, 42.3742113 ], [ -71.0806036, 42.3742108 ], [ -71.0806038, 42.3742104 ], [ -71.0806041, 42.37421 ], [ -71.0806043, 42.3742095 ], [ -71.0806045, 42.3742091 ], [ -71.0806047, 42.3742086 ], [ -71.0806049, 42.3742081 ], [ -71.0806051, 42.3742077 ], [ -71.0806052, 42.3742072 ], [ -71.0806054, 42.3742068 ], [ -71.0806056, 42.3742063 ], [ -71.0806057, 42.3742058 ], [ -71.0806058, 42.3742054 ], [ -71.0806059, 42.3742049 ], [ -71.0806061, 42.3742044 ], [ -71.0806061, 42.3742039 ], [ -71.0806062, 42.3742035 ], [ -71.0806063, 42.374203 ], [ -71.0806064, 42.3742025 ], [ -71.0806064, 42.374202 ], [ -71.0806065, 42.3742015 ], [ -71.0806065, 42.3742011 ], [ -71.0806065, 42.3742006 ], [ -71.0806065, 42.3742001 ], [ -71.0806065, 42.3741996 ], [ -71.0806065, 42.3741992 ], [ -71.0806064, 42.3741987 ], [ -71.0806064, 42.3741982 ], [ -71.0806064, 42.3741978 ], [ -71.0806064, 42.3741977 ], [ -71.0806063, 42.3741973 ], [ -71.0806062, 42.3741968 ], [ -71.0806062, 42.3741963 ], [ -71.080606, 42.3741958 ], [ -71.0806059, 42.3741953 ], [ -71.0806058, 42.3741949 ], [ -71.0806057, 42.3741944 ], [ -71.0806055, 42.3741939 ], [ -71.0806054, 42.3741935 ], [ -71.0806052, 42.374193 ], [ -71.0806051, 42.3741926 ], [ -71.0806049, 42.3741921 ], [ -71.0806047, 42.3741916 ], [ -71.0806045, 42.3741912 ], [ -71.0806043, 42.3741907 ], [ -71.080604, 42.3741903 ], [ -71.0806038, 42.3741898 ], [ -71.0806035, 42.3741894 ], [ -71.0806033, 42.374189 ], [ -71.080603, 42.3741885 ], [ -71.0806027, 42.3741881 ], [ -71.0806024, 42.3741877 ], [ -71.0806021, 42.3741872 ], [ -71.0806018, 42.3741868 ], [ -71.0806015, 42.3741864 ], [ -71.0806012, 42.374186 ], [ -71.0806009, 42.3741856 ], [ -71.0806005, 42.3741852 ], [ -71.0806002, 42.3741848 ], [ -71.0805998, 42.3741844 ], [ -71.0805994, 42.374184 ], [ -71.080599, 42.3741836 ], [ -71.0805987, 42.3741832 ], [ -71.0805982, 42.3741829 ], [ -71.0805978, 42.3741825 ], [ -71.0805974, 42.3741821 ], [ -71.080597, 42.3741817 ], [ -71.0805966, 42.3741814 ], [ -71.080596, 42.374181 ], [ -71.0804901, 42.3741001 ], [ -71.0804877, 42.3741008 ], [ -71.0804844, 42.3741017 ], [ -71.0804298, 42.3741148 ], [ -71.0803966, 42.3741203 ], [ -71.0803482, 42.3741228 ], [ -71.0803023, 42.3741234 ], [ -71.0802458, 42.3741253 ], [ -71.0802046, 42.374121 ], [ -71.0801857, 42.3741187 ], [ -71.0801653, 42.3741111 ], [ -71.0801414, 42.3741067 ], [ -71.0801281, 42.3741 ], [ -71.080079, 42.3740722 ], [ -71.0800322, 42.3740442 ], [ -71.0800098, 42.3740326 ], [ -71.0799662, 42.374009 ], [ -71.0799276, 42.3739868 ], [ -71.0798943, 42.3739729 ], [ -71.07984, 42.3739561 ], [ -71.0797962, 42.3739555 ], [ -71.079758, 42.3739538 ], [ -71.0797369, 42.3739577 ], [ -71.0797176, 42.3739612 ], [ -71.0796867, 42.3739707 ], [ -71.0796596, 42.3739837 ], [ -71.0796394, 42.3739886 ], [ -71.0796272, 42.3739923 ], [ -71.0795646, 42.3740142 ], [ -71.0794328, 42.3740601 ], [ -71.0793823, 42.3740756 ], [ -71.0793487, 42.3740852 ], [ -71.0796188, 42.3741168 ], [ -71.079734, 42.3741302 ], [ -71.0805637, 42.3742272 ], [ -71.0805644, 42.3742273 ], [ -71.080565, 42.3742274 ], [ -71.0805656, 42.3742274 ], [ -71.0805663, 42.3742275 ], [ -71.0805669, 42.3742275 ], [ -71.0805676, 42.3742276 ], [ -71.0805682, 42.3742276 ], [ -71.0805689, 42.3742276 ] ] ] } },
{ "type": "Feature", "properties": { "District": "Small Business", "DistType": "Small Business", "Shape_Leng": 653.28983795, "Shape_Area": 18431.360353600001 }, "geometry": { "type": "Polygon", "coordinates": [ [ [ -71.094863, 42.3743492 ], [ -71.0949323, 42.3745811 ], [ -71.0949674, 42.3746984 ], [ -71.0950461, 42.3749618 ], [ -71.0950463, 42.3749622 ], [ -71.0950465, 42.3749618 ], [ -71.0952009, 42.3747079 ], [ -71.0952009, 42.3747078 ], [ -71.0952526, 42.3746227 ], [ -71.0952527, 42.3746226 ], [ -71.0953059, 42.3745352 ], [ -71.095306, 42.3745351 ], [ -71.0953667, 42.3744351 ], [ -71.0953668, 42.374435 ], [ -71.0954292, 42.3743335 ], [ -71.0954288, 42.3743335 ], [ -71.0951235, 42.3743189 ], [ -71.094964, 42.3743113 ], [ -71.0948498, 42.3743058 ], [ -71.094863, 42.3743492 ] ] ] } },
{ "type": "Feature", "properties": { "District": "Small Business", "DistType": "Small Business", "Shape_Leng": 951.66985695899996, "Shape_Area": 48159.786584599999 }, "geometry": { "type": "Polygon", "coordinates": [ [ [ -71.0955623, 42.3743814 ], [ -71.0955014, 42.3744814 ], [ -71.0954405, 42.3745815 ], [ -71.0953796, 42.3746815 ], [ -71.0953187, 42.3747815 ], [ -71.0952729, 42.3748567 ], [ -71.0951961, 42.3749828 ], [ -71.095158, 42.3750486 ], [ -71.0953408, 42.3750889 ], [ -71.0954221, 42.3751205 ], [ -71.0956502, 42.3752091 ], [ -71.0956504, 42.3752092 ], [ -71.0956505, 42.3752091 ], [ -71.0956793, 42.3751684 ], [ -71.0957295, 42.3750974 ], [ -71.0957296, 42.3750973 ], [ -71.0958042, 42.3749918 ], [ -71.095807, 42.3749878 ], [ -71.0958071, 42.3749877 ], [ -71.0958837, 42.3748804 ], [ -71.0958837, 42.3748803 ], [ -71.0959528, 42.3747834 ], [ -71.0959529, 42.3747833 ], [ -71.096022, 42.3746863 ], [ -71.0960221, 42.3746862 ], [ -71.0960912, 42.3745893 ], [ -71.0960913, 42.3745892 ], [ -71.0962296, 42.3743952 ], [ -71.0962297, 42.3743951 ], [ -71.0962395, 42.3743814 ], [ -71.0962457, 42.3743726 ], [ -71.0962454, 42.3743726 ], [ -71.0961611, 42.3743686 ], [ -71.0959158, 42.3743568 ], [ -71.0957758, 42.3743501 ], [ -71.0955875, 42.3743411 ], [ -71.0955623, 42.3743814 ] ] ] } },
{ "type": "Feature", "properties": { "District": "Small Business", "DistType": "Small Business", "Shape_Leng": 843.58984632700003, "Shape_Area": 36094.213344299998 }, "geometry": { "type": "Polygon", "coordinates": [ [ [ -71.1016503, 42.3745255 ], [ -71.101377, 42.3747103 ], [ -71.1014755, 42.3747922 ], [ -71.1014071, 42.3748385 ], [ -71.1014464, 42.3748711 ], [ -71.1015044, 42.3749194 ], [ -71.1015445, 42.3749527 ], [ -71.101643, 42.3750346 ], [ -71.1016522, 42.3750423 ], [ -71.1017415, 42.3751166 ], [ -71.1018, 42.3751652 ], [ -71.1018419, 42.3752 ], [ -71.1018985, 42.3752471 ], [ -71.1020406, 42.3753653 ], [ -71.1020408, 42.3753655 ], [ -71.102041, 42.3753653 ], [ -71.102294, 42.3751915 ], [ -71.1023122, 42.375179 ], [ -71.1023124, 42.3751788 ], [ -71.1023801, 42.3751323 ], [ -71.1022404, 42.3750162 ], [ -71.1022403, 42.375016 ], [ -71.1021419, 42.3749342 ], [ -71.1021418, 42.3749341 ], [ -71.1019942, 42.3748113 ], [ -71.101994, 42.3748112 ], [ -71.1018464, 42.3746884 ], [ -71.1018462, 42.3746883 ], [ -71.1017491, 42.3746075 ], [ -71.101749, 42.3746073 ], [ -71.1016506, 42.3745255 ], [ -71.1016504, 42.3745254 ], [ -71.1016503, 42.3745255 ] ] ] } },
{ "type": "Feature", "properties": { "District": "Small Business", "DistType": "Small Business", "Shape_Leng": 531.57041052299996, "Shape_Area": 17155.186205499998 }, "geometry": { "type": "Polygon", "coordinates": [ [ [ -71.1024696, 42.3752036 ], [ -71.1020767, 42.3754729 ], [ -71.1020473, 42.3754932 ], [ -71.1022994, 42.3756991 ], [ -71.1023207, 42.3757164 ], [ -71.1024992, 42.3755956 ], [ -71.1027449, 42.3754291 ], [ -71.1027451, 42.375429 ], [ -71.1026415, 42.3753441 ], [ -71.1026413, 42.375344 ], [ -71.1025496, 42.3752688 ], [ -71.1025494, 42.3752687 ], [ -71.1024699, 42.3752036 ], [ -71.1024698, 42.3752035 ], [ -71.1024696, 42.3752036 ] ] ] } },
{ "type": "Feature", "properties": { "District": "Small Business", "DistType": "Small Business", "Shape_Leng": 1639.6094661100001, "Shape_Area": 128393.85725 }, "geometry": { "type": "Polygon", "coordinates": [ [ [ -71.0961986, 42.3759669 ], [ -71.0961988, 42.375967 ], [ -71.0961989, 42.3759669 ], [ -71.096254, 42.375889 ], [ -71.096259, 42.375882 ], [ -71.0962591, 42.3758819 ], [ -71.0963277, 42.3757847 ], [ -71.0963278, 42.3757846 ], [ -71.0963964, 42.3756875 ], [ -71.0963964, 42.3756874 ], [ -71.0965337, 42.375493 ], [ -71.0965338, 42.3754929 ], [ -71.0966024, 42.3753958 ], [ -71.0966025, 42.3753957 ], [ -71.0966711, 42.3752986 ], [ -71.0966712, 42.3752985 ], [ -71.0967398, 42.3752013 ], [ -71.0967399, 42.3752012 ], [ -71.0967604, 42.3751722 ], [ -71.0968085, 42.3751041 ], [ -71.0968086, 42.375104 ], [ -71.0968772, 42.3750069 ], [ -71.0968772, 42.3750068 ], [ -71.0969476, 42.3749072 ], [ -71.0969477, 42.3749071 ], [ -71.0970145, 42.3748124 ], [ -71.0970146, 42.3748123 ], [ -71.0970832, 42.3747152 ], [ -71.0970833, 42.3747151 ], [ -71.0971207, 42.3746622 ], [ -71.0971523, 42.3746181 ], [ -71.0971524, 42.374618 ], [ -71.0972227, 42.3745201 ], [ -71.0972228, 42.37452 ], [ -71.0972924, 42.3744227 ], [ -71.0972921, 42.3744227 ], [ -71.096935, 42.3744056 ], [ -71.0968176, 42.3744 ], [ -71.0964128, 42.3743806 ], [ -71.096372, 42.3744387 ], [ -71.0962351, 42.3746303 ], [ -71.0961641, 42.3747297 ], [ -71.0960896, 42.374834 ], [ -71.0960255, 42.3749237 ], [ -71.0959562, 42.3750207 ], [ -71.0959194, 42.3750722 ], [ -71.095887, 42.3751178 ], [ -71.0958506, 42.375169 ], [ -71.095818, 42.3752149 ], [ -71.09568, 42.3754091 ], [ -71.095611, 42.3755062 ], [ -71.095542, 42.3756033 ], [ -71.0954747, 42.3756981 ], [ -71.0958081, 42.3758277 ], [ -71.095815, 42.3758178 ], [ -71.0961986, 42.3759669 ] ] ] } },
{ "type": "Feature", "properties": { "District": "Small Business", "DistType": "Small Business", "Shape_Leng": 1536.17469177, "Shape_Area": 75162.400771100001 }, "geometry": { "type": "Polygon", "coordinates": [ [ [ -71.0970479, 42.3750609 ], [ -71.0969243, 42.3752359 ], [ -71.0969105, 42.3752554 ], [ -71.0969036, 42.3752651 ], [ -71.0968416, 42.3753525 ], [ -71.0967727, 42.3754497 ], [ -71.0966348, 42.375644 ], [ -71.0965418, 42.3757751 ], [ -71.0964867, 42.3758528 ], [ -71.0964177, 42.3759501 ], [ -71.0963683, 42.3760249 ], [ -71.0963683, 42.3760249 ], [ -71.0963686, 42.3760249 ], [ -71.0965227, 42.3760121 ], [ -71.0966148, 42.3760031 ], [ -71.0966151, 42.376003 ], [ -71.0967359, 42.3759912 ], [ -71.0967362, 42.3759912 ], [ -71.0969063, 42.3759744 ], [ -71.0969063, 42.3759744 ], [ -71.0970283, 42.3757955 ], [ -71.0970505, 42.375763 ], [ -71.0970582, 42.3757525 ], [ -71.0971678, 42.3756038 ], [ -71.0971818, 42.3755848 ], [ -71.0972368, 42.3755067 ], [ -71.0973056, 42.3754095 ], [ -71.0973099, 42.3754034 ], [ -71.0973803, 42.3753037 ], [ -71.097443, 42.375215 ], [ -71.0974473, 42.3752089 ], [ -71.0975143, 42.3751141 ], [ -71.0975799, 42.3750213 ], [ -71.0976433, 42.375046 ], [ -71.0977126, 42.3749491 ], [ -71.0977573, 42.3748865 ], [ -71.0977992, 42.3748278 ], [ -71.0977046, 42.3747908 ], [ -71.0978642, 42.3745704 ], [ -71.0978643, 42.3745703 ], [ -71.0975073, 42.3744302 ], [ -71.0975069, 42.3744302 ], [ -71.0974985, 42.3744304 ], [ -71.0973406, 42.3746485 ], [ -71.0972843, 42.3747262 ], [ -71.0972536, 42.3747696 ], [ -71.097185, 42.3748669 ], [ -71.0970479, 42.3750609 ] ] ] } },
{ "type": "Feature", "properties": { "District": "Small Business", "DistType": "Small Business", "Shape_Leng": 1326.2365795400001, "Shape_Area": 65042.5897195 }, "geometry": { "type": "Polygon", "coordinates": [ [ [ -71.1035084, 42.3757938 ], [ -71.1035977, 42.3758671 ], [ -71.1036874, 42.3759407 ], [ -71.1037557, 42.3759968 ], [ -71.1037739, 42.3760118 ], [ -71.1038263, 42.3760548 ], [ -71.1039353, 42.3761443 ], [ -71.1039354, 42.3761444 ], [ -71.1039356, 42.3761443 ], [ -71.1042462, 42.3759372 ], [ -71.1041302, 42.3758416 ], [ -71.1041301, 42.3758414 ], [ -71.1040672, 42.3757897 ], [ -71.1040671, 42.3757895 ], [ -71.104122, 42.375753 ], [ -71.1041221, 42.3757528 ], [ -71.1042047, 42.3756979 ], [ -71.1041366, 42.3756416 ], [ -71.104051, 42.3756986 ], [ -71.1039268, 42.3755988 ], [ -71.1038014, 42.3754979 ], [ -71.1037011, 42.3754172 ], [ -71.1035999, 42.3753359 ], [ -71.1035515, 42.3752969 ], [ -71.1035012, 42.3752553 ], [ -71.1034279, 42.3751948 ], [ -71.1034023, 42.3751737 ], [ -71.1033018, 42.3750907 ], [ -71.1032495, 42.3750475 ], [ -71.1032001, 42.3750067 ], [ -71.1031506, 42.3749658 ], [ -71.1031012, 42.374925 ], [ -71.1030517, 42.3748842 ], [ -71.1026943, 42.3751229 ], [ -71.1027437, 42.3751638 ], [ -71.1027791, 42.3751931 ], [ -71.102793, 42.3752047 ], [ -71.1028424, 42.3752455 ], [ -71.1028918, 42.3752864 ], [ -71.102944, 42.3753296 ], [ -71.103065, 42.3754297 ], [ -71.10307, 42.3754338 ], [ -71.103194, 42.3755356 ], [ -71.103342, 42.3756571 ], [ -71.1035084, 42.3757938 ] ] ] } },
{ "type": "Feature", "properties": { "District": "Small Business", "DistType": "Small Business", "Shape_Leng": 381.58154148199998, "Shape_Area": 8992.2516347100009 }, "geometry": { "type": "Polygon", "coordinates": [ [ [ -71.1033354, 42.3759137 ], [ -71.1031033, 42.3760709 ], [ -71.1031877, 42.3761401 ], [ -71.103272, 42.3762094 ], [ -71.1033652, 42.3762859 ], [ -71.1033654, 42.376286 ], [ -71.1033656, 42.3762859 ], [ -71.1035983, 42.3761293 ], [ -71.1035044, 42.3760521 ], [ -71.1035043, 42.376052 ], [ -71.1034201, 42.3759829 ], [ -71.1034199, 42.3759828 ], [ -71.1033357, 42.3759137 ], [ -71.1033356, 42.3759135 ], [ -71.1033354, 42.3759137 ] ] ] } },
{ "type": "Feature", "properties": { "District": "Small Business", "DistType": "Small Business", "Shape_Leng": 147.86451127000001, "Shape_Area": 1226.64774885 }, "geometry": { "type": "Polygon", "coordinates": [ [ [ -71.0993037, 42.3763975 ], [ -71.0993083, 42.3764726 ], [ -71.0993083, 42.3764727 ], [ -71.0993086, 42.3764726 ], [ -71.0994184, 42.3764623 ], [ -71.0994516, 42.376384 ], [ -71.0994513, 42.3763839 ], [ -71.0992818, 42.3763627 ], [ -71.0993037, 42.3763975 ] ] ] } },
{ "type": "Feature", "properties": { "District": "Small Business", "DistType": "Small Business", "Shape_Leng": 462.86177101599998, "Shape_Area": 12878.125552400001 }, "geometry": { "type": "Polygon", "coordinates": [ [ [ -71.1045761, 42.3763813 ], [ -71.1043837, 42.3765099 ], [ -71.10451, 42.3766138 ], [ -71.1046364, 42.3767178 ], [ -71.1049579, 42.3765029 ], [ -71.1048843, 42.3764352 ], [ -71.1049167, 42.3764156 ], [ -71.1048674, 42.376375 ], [ -71.1048182, 42.3763345 ], [ -71.104741, 42.376271 ], [ -71.1045761, 42.3763813 ] ] ] } },
{ "type": "Feature", "properties": { "District": "Small Business", "DistType": "Small Business", "Shape_Leng": 376.69139765199998, "Shape_Area": 8667.7442276900001 }, "geometry": { "type": "Polygon", "coordinates": [ [ [ -71.1039596, 42.3764275 ], [ -71.1037406, 42.3765749 ], [ -71.103873, 42.3766837 ], [ -71.1040093, 42.3767955 ], [ -71.1040094, 42.3767957 ], [ -71.1040096, 42.3767955 ], [ -71.1042284, 42.3766479 ], [ -71.1042056, 42.3766291 ], [ -71.1040921, 42.376536 ], [ -71.104092, 42.3765359 ], [ -71.10396, 42.3764275 ], [ -71.1039598, 42.3764274 ], [ -71.1039596, 42.3764275 ] ] ] } },
{ "type": "Feature", "properties": { "District": "Small Business", "DistType": "Small Business", "Shape_Leng": 522.54928354000003, "Shape_Area": 16516.957373599998 }, "geometry": { "type": "Polygon", "coordinates": [ [ [ -71.1048718, 42.3769114 ], [ -71.1052528, 42.3772248 ], [ -71.105253, 42.3772249 ], [ -71.1052531, 42.3772248 ], [ -71.105536, 42.3770346 ], [ -71.1055359, 42.3770344 ], [ -71.1053453, 42.3768591 ], [ -71.1052872, 42.3768057 ], [ -71.1052291, 42.3767523 ], [ -71.1051789, 42.3767061 ], [ -71.1048718, 42.3769114 ] ] ] } },
{ "type": "Feature", "properties": { "District": "Small Business", "DistType": "Small Business", "Shape_Leng": 601.71689809600002, "Shape_Area": 20084.957917799999 }, "geometry": { "type": "Polygon", "coordinates": [ [ [ -71.1043315, 42.3767259 ], [ -71.1040592, 42.3769115 ], [ -71.1041843, 42.3770147 ], [ -71.1043081, 42.3771167 ], [ -71.1044318, 42.3772187 ], [ -71.1045554, 42.3773206 ], [ -71.1045556, 42.3773207 ], [ -71.1045557, 42.3773206 ], [ -71.1048296, 42.3771362 ], [ -71.104706, 42.3770343 ], [ -71.1047058, 42.3770342 ], [ -71.1045822, 42.3769323 ], [ -71.104582, 42.3769322 ], [ -71.1044585, 42.3768303 ], [ -71.1044583, 42.3768302 ], [ -71.1043319, 42.3767259 ], [ -71.1043317, 42.3767258 ], [ -71.1043315, 42.3767259 ] ] ] } },
{ "type": "Feature", "properties": { "District": "Small Business", "DistType": "Small Business", "Shape_Leng": 201.30378833, "Shape_Area": 2273.3605783100002 }, "geometry": { "type": "Polygon", "coordinates": [ [ [ -71.1050333, 42.3773036 ], [ -71.1048506, 42.3774253 ], [ -71.1049345, 42.3774945 ], [ -71.1050068, 42.3774473 ], [ -71.1051188, 42.3773741 ], [ -71.105119, 42.377374 ], [ -71.1050337, 42.3773036 ], [ -71.1050335, 42.3773035 ], [ -71.1050333, 42.3773036 ] ] ] } },
{ "type": "Feature", "properties": { "District": "Small Business", "DistType": "Small Business", "Shape_Leng": 140.297539086, "Shape_Area": 1201.6971852700001 }, "geometry": { "type": "Polygon", "coordinates": [ [ [ -71.105169, 42.3774154 ], [ -71.105058, 42.3774895 ], [ -71.1051314, 42.3775501 ], [ -71.1051316, 42.3775502 ], [ -71.1051318, 42.3775501 ], [ -71.1052427, 42.377476 ], [ -71.1051693, 42.3774154 ], [ -71.1051692, 42.3774153 ], [ -71.105169, 42.3774154 ] ] ] } },
{ "type": "Feature", "properties": { "District": "Small Business", "DistType": "Small Business", "Shape_Leng": 686.064154046, "Shape_Area": 22683.108368599998 }, "geometry": { "type": "Polygon", "coordinates": [ [ [ -71.1053207, 42.3772734 ], [ -71.1054285, 42.3773622 ], [ -71.1054981, 42.3774196 ], [ -71.1055865, 42.3774925 ], [ -71.1056707, 42.3775618 ], [ -71.1057944, 42.3776639 ], [ -71.1059186, 42.3777662 ], [ -71.1061867, 42.3775865 ], [ -71.1060912, 42.3775017 ], [ -71.1060677, 42.3774807 ], [ -71.1060011, 42.3774215 ], [ -71.105949, 42.3773753 ], [ -71.1059155, 42.3773455 ], [ -71.1058683, 42.3773036 ], [ -71.1058312, 42.3772705 ], [ -71.1057835, 42.3772282 ], [ -71.1057168, 42.377169 ], [ -71.1055932, 42.3772518 ], [ -71.1054852, 42.3771628 ], [ -71.1053207, 42.3772734 ] ] ] } },
{ "type": "Feature", "properties": { "District": "Small Business", "DistType": "Small Business", "Shape_Leng": 477.434552328, "Shape_Area": 13631.020058300001 }, "geometry": { "type": "Polygon", "coordinates": [ [ [ -71.0908713, 42.3775718 ], [ -71.0908425, 42.3776171 ], [ -71.0907419, 42.3777754 ], [ -71.0907484, 42.3777777 ], [ -71.0909087, 42.3778351 ], [ -71.0910486, 42.3778853 ], [ -71.0911722, 42.3779295 ], [ -71.091182, 42.377933 ], [ -71.0912487, 42.3779567 ], [ -71.0913779, 42.3777592 ], [ -71.0913273, 42.3777107 ], [ -71.091241, 42.3776798 ], [ -71.091194, 42.377663 ], [ -71.0908839, 42.377552 ], [ -71.0908713, 42.3775718 ] ] ] } },
{ "type": "Feature", "properties": { "District": "Small Business", "DistType": "Small Business", "Shape_Leng": 865.85849617899999, "Shape_Area": 28360.929870100001 }, "geometry": { "type": "Polygon", "coordinates": [ [ [ -71.1058382, 42.3781953 ], [ -71.1059911, 42.3780932 ], [ -71.1059913, 42.378093 ], [ -71.1058567, 42.3779821 ], [ -71.1058566, 42.377982 ], [ -71.1057147, 42.377865 ], [ -71.1057145, 42.3778649 ], [ -71.1055845, 42.3777577 ], [ -71.1055844, 42.3777576 ], [ -71.105488, 42.3776782 ], [ -71.1054879, 42.377678 ], [ -71.1054117, 42.3776152 ], [ -71.1054115, 42.3776151 ], [ -71.1053448, 42.3775601 ], [ -71.1053447, 42.37756 ], [ -71.10528, 42.3775067 ], [ -71.1052798, 42.3775066 ], [ -71.1052797, 42.3775067 ], [ -71.1051507, 42.3775929 ], [ -71.1050599, 42.3776535 ], [ -71.104955, 42.3777237 ], [ -71.1050888, 42.3778322 ], [ -71.1049952, 42.3778951 ], [ -71.1051709, 42.3778514 ], [ -71.1051901, 42.3778784 ], [ -71.1052223, 42.3779237 ], [ -71.1052746, 42.3779974 ], [ -71.1052823, 42.3780082 ], [ -71.1053269, 42.3780711 ], [ -71.1053495, 42.3781027 ], [ -71.1053671, 42.3780986 ], [ -71.1053954, 42.3780918 ], [ -71.1055362, 42.3780583 ], [ -71.1056467, 42.378032 ], [ -71.1058382, 42.3781953 ] ] ] } },
{ "type": "Feature", "properties": { "District": "Small Business", "DistType": "Small Business", "Shape_Leng": 403.18883554199999, "Shape_Area": 9824.5378273499991 }, "geometry": { "type": "Polygon", "coordinates": [ [ [ -71.0906315, 42.3779461 ], [ -71.0905262, 42.3781191 ], [ -71.0906688, 42.3781975 ], [ -71.0906918, 42.3782915 ], [ -71.0909991, 42.37825 ], [ -71.0909994, 42.37825 ], [ -71.0909779, 42.3781618 ], [ -71.0909542, 42.3780607 ], [ -71.0907894, 42.3780026 ], [ -71.0907891, 42.3780025 ], [ -71.0906987, 42.3779706 ], [ -71.0906319, 42.3779461 ], [ -71.0906316, 42.377946 ], [ -71.0906315, 42.3779461 ] ] ] } },
{ "type": "Feature", "properties": { "District": "Small Business", "DistType": "Small Business", "Shape_Leng": 268.61712052199999, "Shape_Area": 4299.3129500799996 }, "geometry": { "type": "Polygon", "coordinates": [ [ [ -71.1051925, 42.378218 ], [ -71.1050974, 42.3782426 ], [ -71.105195, 42.3784494 ], [ -71.105195, 42.3784495 ], [ -71.1051953, 42.3784494 ], [ -71.10522, 42.378443 ], [ -71.1052804, 42.3784303 ], [ -71.1052807, 42.3784303 ], [ -71.105375, 42.3784104 ], [ -71.1053749, 42.3784103 ], [ -71.1052914, 42.3781924 ], [ -71.1051925, 42.378218 ] ] ] } },
{ "type": "Feature", "properties": { "District": "Small Business", "DistType": "Small Business", "Shape_Leng": 258.81815024600002, "Shape_Area": 3744.8290979200001 }, "geometry": { "type": "Polygon", "coordinates": [ [ [ -71.0925258, 42.3781615 ], [ -71.0923411, 42.3781626 ], [ -71.0923392, 42.3781626 ], [ -71.0923605, 42.3783478 ], [ -71.0925285, 42.3784083 ], [ -71.0925289, 42.3784084 ], [ -71.0925289, 42.3784083 ], [ -71.0925261, 42.3781615 ], [ -71.0925258, 42.3781615 ] ] ] } },
{ "type": "Feature", "properties": { "District": "Small Business", "DistType": "Small Business", "Shape_Leng": 261.187415402, "Shape_Area": 4002.4320558499999 }, "geometry": { "type": "Polygon", "coordinates": [ [ [ -71.0914698, 42.3782498 ], [ -71.0913483, 42.3784548 ], [ -71.0914321, 42.3784837 ], [ -71.0915173, 42.3785131 ], [ -71.0916303, 42.3783073 ], [ -71.0916303, 42.3783072 ], [ -71.0915535, 42.3782796 ], [ -71.0915532, 42.3782795 ], [ -71.0914702, 42.3782498 ], [ -71.0914699, 42.3782497 ], [ -71.0914698, 42.3782498 ] ] ] } },
{ "type": "Feature", "properties": { "District": "Small Business", "DistType": "Small Business", "Shape_Leng": 413.05014158199998, "Shape_Area": 9691.5707297099998 }, "geometry": { "type": "Polygon", "coordinates": [ [ [ -71.0931076, 42.3783108 ], [ -71.0929275, 42.3783134 ], [ -71.0928365, 42.3783147 ], [ -71.0926441, 42.3783174 ], [ -71.0926457, 42.3784567 ], [ -71.0926943, 42.3784734 ], [ -71.092706, 42.3784775 ], [ -71.0927179, 42.3784816 ], [ -71.0929002, 42.3785446 ], [ -71.0930782, 42.378606 ], [ -71.0930785, 42.3786061 ], [ -71.0930785, 42.378606 ], [ -71.0931079, 42.3783108 ], [ -71.0931076, 42.3783108 ] ] ] } },
{ "type": "Feature", "properties": { "District": "Small Business", "DistType": "Small Business", "Shape_Leng": 783.85748542099998, "Shape_Area": 28063.106365 }, "geometry": { "type": "Polygon", "coordinates": [ [ [ -71.1043792, 42.3784211 ], [ -71.1043579, 42.3785663 ], [ -71.1043431, 42.3786677 ], [ -71.1043431, 42.3786678 ], [ -71.1043434, 42.3786677 ], [ -71.1044815, 42.3786323 ], [ -71.1044818, 42.3786322 ], [ -71.1046081, 42.3785998 ], [ -71.1046085, 42.3785997 ], [ -71.1047586, 42.3785613 ], [ -71.1047589, 42.3785612 ], [ -71.1048499, 42.3785379 ], [ -71.1048502, 42.3785378 ], [ -71.1049492, 42.3785124 ], [ -71.1049495, 42.3785124 ], [ -71.1050402, 42.3784891 ], [ -71.1050405, 42.378489 ], [ -71.1051241, 42.3784676 ], [ -71.1050657, 42.3783433 ], [ -71.1050657, 42.3783433 ], [ -71.1050654, 42.3783433 ], [ -71.1049818, 42.3783649 ], [ -71.1048909, 42.3783884 ], [ -71.104852, 42.3783055 ], [ -71.1048314, 42.3782618 ], [ -71.1048105, 42.3782173 ], [ -71.1047703, 42.3781318 ], [ -71.1046967, 42.3779751 ], [ -71.1044338, 42.3780478 ], [ -71.1044332, 42.3780522 ], [ -71.1044132, 42.3781888 ], [ -71.1043932, 42.3783254 ], [ -71.1043792, 42.3784211 ] ] ] } },
{ "type": "Feature", "properties": { "District": "Small Business", "DistType": "Small Business", "Shape_Leng": 361.358484557, "Shape_Area": 8002.1183459499998 }, "geometry": { "type": "Polygon", "coordinates": [ [ [ -71.0931637, 42.3786416 ], [ -71.0934947, 42.37876 ], [ -71.093616, 42.3785756 ], [ -71.0934367, 42.3785081 ], [ -71.0934379, 42.3784958 ], [ -71.0931795, 42.3784817 ], [ -71.0931637, 42.3786416 ] ] ] } },
{ "type": "Feature", "properties": { "District": "Small Business", "DistType": "Small Business", "Shape_Leng": 436.19357485299997, "Shape_Area": 7468.7944892200003 }, "geometry": { "type": "Polygon", "coordinates": [ [ [ -71.1035576, 42.3788858 ], [ -71.1035576, 42.3788859 ], [ -71.1035579, 42.3788858 ], [ -71.1038177, 42.378818 ], [ -71.103818, 42.378818 ], [ -71.1039227, 42.3787907 ], [ -71.1039231, 42.3787906 ], [ -71.1039274, 42.3787894 ], [ -71.104024, 42.3787643 ], [ -71.1040366, 42.3785862 ], [ -71.1040363, 42.3785862 ], [ -71.1039238, 42.3785864 ], [ -71.1038234, 42.3785866 ], [ -71.1038228, 42.3786126 ], [ -71.10382, 42.3787251 ], [ -71.103559, 42.3787238 ], [ -71.1035576, 42.3788858 ] ] ] } },
{ "type": "Feature", "properties": { "District": "Small Business", "DistType": "Small Business", "Shape_Leng": 642.69590732999995, "Shape_Area": 24575.9138561 }, "geometry": { "type": "Polygon", "coordinates": [ [ [ -71.1059052, 42.3784692 ], [ -71.1058909, 42.3784722 ], [ -71.1058767, 42.3784753 ], [ -71.1058243, 42.3784863 ], [ -71.1056693, 42.3785191 ], [ -71.1055803, 42.3785378 ], [ -71.1054913, 42.3785566 ], [ -71.1054018, 42.3785755 ], [ -71.1053965, 42.3785767 ], [ -71.1053911, 42.3785778 ], [ -71.1053079, 42.3785954 ], [ -71.1053765, 42.3787789 ], [ -71.1053872, 42.3788074 ], [ -71.1053979, 42.378836 ], [ -71.1054329, 42.3789296 ], [ -71.1056159, 42.3788896 ], [ -71.1057046, 42.3788702 ], [ -71.1057806, 42.3788536 ], [ -71.1057934, 42.3788508 ], [ -71.105948, 42.378817 ], [ -71.1059662, 42.378813 ], [ -71.1060144, 42.3788024 ], [ -71.1061282, 42.3787776 ], [ -71.106005, 42.3784481 ], [ -71.1059052, 42.3784692 ] ] ] } },
{ "type": "Feature", "properties": { "District": "Small Business", "DistType": "Small Business", "Shape_Leng": 467.534192539, "Shape_Area": 8866.0160539799999 }, "geometry": { "type": "Polygon", "coordinates": [ [ [ -71.1028871, 42.3790578 ], [ -71.1028871, 42.3790579 ], [ -71.1028874, 42.3790578 ], [ -71.1031472, 42.37899 ], [ -71.1031475, 42.37899 ], [ -71.1033765, 42.3789303 ], [ -71.1034068, 42.3789224 ], [ -71.1034083, 42.3787461 ], [ -71.103408, 42.3787461 ], [ -71.1031506, 42.3787448 ], [ -71.1031502, 42.3787723 ], [ -71.1031486, 42.3788875 ], [ -71.1028895, 42.3788855 ], [ -71.1028871, 42.3790578 ] ] ] } },
{ "type": "Feature", "properties": { "District": "Small Business", "DistType": "Small Business", "Shape_Leng": 394.59866386700003, "Shape_Area": 6884.2881959899996 }, "geometry": { "type": "Polygon", "coordinates": [ [ [ -71.1043804, 42.3788335 ], [ -71.1044963, 42.3791529 ], [ -71.1045271, 42.3792377 ], [ -71.1046999, 42.3791908 ], [ -71.1045241, 42.3787967 ], [ -71.1043804, 42.3788335 ] ] ] } },
{ "type": "Feature", "properties": { "District": "Small Business", "DistType": "Small Business", "Shape_Leng": 350.11220924200001, "Shape_Area": 7541.4435109699998 }, "geometry": { "type": "Polygon", "coordinates": [ [ [ -71.103997, 42.378937 ], [ -71.1038526, 42.3789746 ], [ -71.1037079, 42.3790123 ], [ -71.1037278, 42.3792368 ], [ -71.1039043, 42.379201 ], [ -71.1040811, 42.3791652 ], [ -71.1040814, 42.3791651 ], [ -71.1039973, 42.378937 ], [ -71.1039973, 42.3789369 ], [ -71.103997, 42.378937 ] ] ] } },
{ "type": "Feature", "properties": { "District": "Small Business", "DistType": "Small Business", "Shape_Leng": 287.06377183199999, "Shape_Area": 5096.8724810399999 }, "geometry": { "type": "Polygon", "coordinates": [ [ [ -71.099836, 42.3792499 ], [ -71.0998756, 42.3792527 ], [ -71.0999606, 42.3792627 ], [ -71.1000065, 42.3792681 ], [ -71.1000684, 42.3792769 ], [ -71.1000918, 42.3792803 ], [ -71.1000922, 42.3792803 ], [ -71.1000922, 42.3792803 ], [ -71.1001133, 42.3790675 ], [ -71.100113, 42.3790675 ], [ -71.0999857, 42.3790623 ], [ -71.0999758, 42.3790619 ], [ -71.0998599, 42.3790571 ], [ -71.099836, 42.3792499 ] ] ] } },
{ "type": "Feature", "properties": { "District": "Small Business", "DistType": "Small Business", "Shape_Leng": 297.80908683199999, "Shape_Area": 5170.9798104499996 }, "geometry": { "type": "Polygon", "coordinates": [ [ [ -71.1015059, 42.3793086 ], [ -71.1015059, 42.3793087 ], [ -71.1015063, 42.3793086 ], [ -71.1016429, 42.3792899 ], [ -71.1016432, 42.3792899 ], [ -71.1017758, 42.3792717 ], [ -71.1017761, 42.3792717 ], [ -71.101848, 42.3792618 ], [ -71.101848, 42.3792617 ], [ -71.1018511, 42.3791354 ], [ -71.101785, 42.3791329 ], [ -71.1016535, 42.3791279 ], [ -71.1015187, 42.3791228 ], [ -71.1015059, 42.3793086 ] ] ] } },
{ "type": "Feature", "properties": { "District": "Small Business", "DistType": "Small Business", "Shape_Leng": 402.93139176900002, "Shape_Area": 9471.2106748999995 }, "geometry": { "type": "Polygon", "coordinates": [ [ [ -71.1008709, 42.3793564 ], [ -71.1008712, 42.3793564 ], [ -71.1008981, 42.3793562 ], [ -71.1008984, 42.3793562 ], [ -71.1008987, 42.3793562 ], [ -71.1009932, 42.3793555 ], [ -71.1009935, 42.3793555 ], [ -71.1009939, 42.3793555 ], [ -71.1010314, 42.3793553 ], [ -71.1010317, 42.3793553 ], [ -71.1011088, 42.379352 ], [ -71.1011139, 42.3793516 ], [ -71.1011143, 42.3793516 ], [ -71.1012329, 42.3793425 ], [ -71.1012333, 42.3793425 ], [ -71.1012688, 42.3793398 ], [ -71.1013539, 42.3793301 ], [ -71.101366, 42.3791581 ], [ -71.1013657, 42.3791581 ], [ -71.1012459, 42.3791534 ], [ -71.101128, 42.3791487 ], [ -71.1010083, 42.379144 ], [ -71.100886, 42.3791392 ], [ -71.1008709, 42.3793564 ] ] ] } },
{ "type": "Feature", "properties": { "District": "Small Business", "DistType": "Small Business", "Shape_Leng": 438.556014565, "Shape_Area": 11430.481624399999 }, "geometry": { "type": "Polygon", "coordinates": [ [ [ -71.10022, 42.3792999 ], [ -71.1002342, 42.379301 ], [ -71.1003615, 42.3793196 ], [ -71.1004482, 42.3793324 ], [ -71.1004845, 42.3793366 ], [ -71.1006078, 42.3793512 ], [ -71.1006398, 42.3793536 ], [ -71.1007225, 42.3793598 ], [ -71.1007228, 42.3793598 ], [ -71.10074, 42.3791125 ], [ -71.1007397, 42.3791125 ], [ -71.1006553, 42.3791092 ], [ -71.1004993, 42.3791032 ], [ -71.1003755, 42.3790985 ], [ -71.1002406, 42.3790933 ], [ -71.10022, 42.3792999 ] ] ] } },
{ "type": "Feature", "properties": { "District": "Small Business", "DistType": "Small Business", "Shape_Leng": 242.66324680299999, "Shape_Area": 3124.599327 }, "geometry": { "type": "Polygon", "coordinates": [ [ [ -71.1030982, 42.3791713 ], [ -71.1031215, 42.3793757 ], [ -71.1032405, 42.3793696 ], [ -71.103264, 42.3791281 ], [ -71.1030982, 42.3791713 ] ] ] } },
{ "type": "Feature", "properties": { "District": "Small Business", "DistType": "Small Business", "Shape_Leng": 295.32289742699999, "Shape_Area": 4929.6886233599998 }, "geometry": { "type": "Polygon", "coordinates": [ [ [ -71.1029453, 42.3792112 ], [ -71.1028719, 42.3792303 ], [ -71.102856, 42.3792663 ], [ -71.1028507, 42.3792676 ], [ -71.1028529, 42.3792744 ], [ -71.1027786, 42.3794401 ], [ -71.1029854, 42.3794174 ], [ -71.1030754, 42.3794074 ], [ -71.10305, 42.3791839 ], [ -71.1029453, 42.3792112 ] ] ] } },
{ "type": "Feature", "properties": { "District": "Small Business", "DistType": "Small Business", "Shape_Leng": 443.24778668499999, "Shape_Area": 10667.67401 }, "geometry": { "type": "Polygon", "coordinates": [ [ [ -71.091931, 42.3792132 ], [ -71.0917235, 42.3792278 ], [ -71.0917282, 42.3792422 ], [ -71.0916867, 42.3792504 ], [ -71.0916845, 42.3792509 ], [ -71.0916126, 42.3792652 ], [ -71.0915282, 42.3792819 ], [ -71.0914075, 42.3792984 ], [ -71.0914613, 42.3795157 ], [ -71.0914613, 42.3795158 ], [ -71.0914616, 42.3795157 ], [ -71.091593, 42.3794826 ], [ -71.0915933, 42.3794825 ], [ -71.091621, 42.3794756 ], [ -71.091676, 42.3794616 ], [ -71.0916763, 42.3794615 ], [ -71.091747, 42.3794436 ], [ -71.0917905, 42.3794353 ], [ -71.0917908, 42.3794353 ], [ -71.0918026, 42.379433 ], [ -71.0919585, 42.379409 ], [ -71.091936, 42.3792489 ], [ -71.0919313, 42.3792132 ], [ -71.091931, 42.3792132 ] ] ] } },
{ "type": "Feature", "properties": { "District": "Small Business", "DistType": "Small Business", "Shape_Leng": 664.65584570700003, "Shape_Area": 19294.064423 }, "geometry": { "type": "Polygon", "coordinates": [ [ [ -71.1022163, 42.379674 ], [ -71.1022258, 42.3796734 ], [ -71.1023412, 42.3796668 ], [ -71.1025096, 42.3796572 ], [ -71.1025099, 42.3796572 ], [ -71.1026222, 42.3794165 ], [ -71.102644, 42.379413 ], [ -71.1026351, 42.3793886 ], [ -71.10269, 42.3792742 ], [ -71.10269, 42.3792741 ], [ -71.1026897, 42.3792742 ], [ -71.102513, 42.3793127 ], [ -71.1024293, 42.379331 ], [ -71.1023517, 42.3793479 ], [ -71.1022862, 42.3793589 ], [ -71.1021637, 42.3793794 ], [ -71.1020025, 42.3794064 ], [ -71.1019808, 42.3794101 ], [ -71.101843, 42.3794298 ], [ -71.101877, 42.3796202 ], [ -71.1020363, 42.3795952 ], [ -71.1021977, 42.3795698 ], [ -71.1022163, 42.379674 ] ] ] } },
{ "type": "Feature", "properties": { "District": "Small Business", "DistType": "Small Business", "Shape_Leng": 459.54132810900001, "Shape_Area": 12946.852088199999 }, "geometry": { "type": "Polygon", "coordinates": [ [ [ -71.0908331, 42.3793934 ], [ -71.0907524, 42.3794152 ], [ -71.0909095, 42.3796915 ], [ -71.0909096, 42.3796916 ], [ -71.0909098, 42.3796915 ], [ -71.0910623, 42.3796424 ], [ -71.0910626, 42.3796423 ], [ -71.0911934, 42.3796002 ], [ -71.091321, 42.3795614 ], [ -71.0912643, 42.3793305 ], [ -71.0912643, 42.3793305 ], [ -71.091264, 42.3793305 ], [ -71.0909567, 42.379372 ], [ -71.090911, 42.3793782 ], [ -71.0909081, 42.3793731 ], [ -71.0908331, 42.3793934 ] ] ] } },
{ "type": "Feature", "properties": { "District": "Small Business", "DistType": "Small Business", "Shape_Leng": 548.711816021, "Shape_Area": 15872.7653003 }, "geometry": { "type": "Polygon", "coordinates": [ [ [ -71.1016974, 42.3794506 ], [ -71.1015636, 42.3794698 ], [ -71.1014506, 42.379486 ], [ -71.1014007, 42.3794919 ], [ -71.1012797, 42.3795064 ], [ -71.1012542, 42.3795082 ], [ -71.1011069, 42.3795187 ], [ -71.1011213, 42.3797392 ], [ -71.1012838, 42.3797293 ], [ -71.1014579, 42.3797187 ], [ -71.1016225, 42.3797095 ], [ -71.10176, 42.3797021 ], [ -71.101759, 42.3796979 ], [ -71.101754, 42.3796778 ], [ -71.1017621, 42.3796767 ], [ -71.1018268, 42.3796679 ], [ -71.1017708, 42.3794401 ], [ -71.1016974, 42.3794506 ] ] ] } },
{ "type": "Feature", "properties": { "District": "Small Business", "DistType": "Small Business", "Shape_Leng": 973.96145163100005, "Shape_Area": 33369.2012005 }, "geometry": { "type": "Polygon", "coordinates": [ [ [ -71.0996058, 42.3796919 ], [ -71.0996783, 42.3797198 ], [ -71.0997139, 42.3797334 ], [ -71.0997259, 42.3797374 ], [ -71.0998208, 42.3797684 ], [ -71.0999141, 42.379799 ], [ -71.0999168, 42.3797899 ], [ -71.0999602, 42.3796462 ], [ -71.1000602, 42.3796605 ], [ -71.1001601, 42.3796747 ], [ -71.100311, 42.3796962 ], [ -71.1004856, 42.3797211 ], [ -71.1006443, 42.3797318 ], [ -71.100803, 42.3797425 ], [ -71.1009732, 42.3797416 ], [ -71.1009589, 42.3795224 ], [ -71.1009586, 42.3795224 ], [ -71.1009308, 42.3795231 ], [ -71.1009305, 42.3795231 ], [ -71.1009301, 42.3795231 ], [ -71.1008977, 42.3795223 ], [ -71.1008973, 42.3795223 ], [ -71.100897, 42.3795223 ], [ -71.1008186, 42.3795205 ], [ -71.1008183, 42.3795205 ], [ -71.1008179, 42.3795205 ], [ -71.1007558, 42.3795191 ], [ -71.1007555, 42.3795191 ], [ -71.1006743, 42.3795134 ], [ -71.1006739, 42.3795134 ], [ -71.1005812, 42.3795069 ], [ -71.1005312, 42.379501 ], [ -71.1005309, 42.379501 ], [ -71.1004083, 42.3794865 ], [ -71.1003706, 42.3794812 ], [ -71.1003703, 42.3794811 ], [ -71.1002215, 42.3794599 ], [ -71.1002211, 42.3794599 ], [ -71.1001252, 42.3794463 ], [ -71.1001249, 42.3794462 ], [ -71.1000252, 42.3794321 ], [ -71.1000249, 42.379432 ], [ -71.0999663, 42.3794237 ], [ -71.0999218, 42.3794184 ], [ -71.0999215, 42.3794184 ], [ -71.0998487, 42.3794098 ], [ -71.0998173, 42.3794077 ], [ -71.099817, 42.3794076 ], [ -71.0997421, 42.3794024 ], [ -71.0997417, 42.3794023 ], [ -71.0997303, 42.3794015 ], [ -71.0997299, 42.3794015 ], [ -71.099635, 42.3793994 ], [ -71.0996346, 42.3793994 ], [ -71.0996058, 42.3796919 ] ] ] } },
{ "type": "Feature", "properties": { "District": "Small Business", "DistType": "Small Business", "Shape_Leng": 818.11339841400002, "Shape_Area": 35236.446403800001 }, "geometry": { "type": "Polygon", "coordinates": [ [ [ -71.1071446, 42.3790374 ], [ -71.1069652, 42.3790763 ], [ -71.1070119, 42.3791948 ], [ -71.1068756, 42.3792243 ], [ -71.1069231, 42.3793451 ], [ -71.1069326, 42.3793691 ], [ -71.1069529, 42.3794206 ], [ -71.1069581, 42.3794338 ], [ -71.1069727, 42.3794448 ], [ -71.1071227, 42.3795577 ], [ -71.1071171, 42.3795595 ], [ -71.107451, 42.3798308 ], [ -71.1074511, 42.3798309 ], [ -71.1074513, 42.3798308 ], [ -71.1078234, 42.3795844 ], [ -71.107623, 42.3794229 ], [ -71.1076229, 42.3794228 ], [ -71.1074984, 42.3793225 ], [ -71.1074847, 42.3793114 ], [ -71.1074846, 42.3793113 ], [ -71.1074708, 42.3793002 ], [ -71.1073982, 42.3792417 ], [ -71.1073982, 42.3792416 ], [ -71.1072709, 42.379139 ], [ -71.1072708, 42.379139 ], [ -71.1071449, 42.3790374 ], [ -71.1071448, 42.3790374 ], [ -71.1071446, 42.3790374 ] ] ] } },
{ "type": "Feature", "properties": { "District": "Small Business", "DistType": "Small Business", "Shape_Leng": 473.23850526500001, "Shape_Area": 7993.0869730200002 }, "geometry": { "type": "Polygon", "coordinates": [ [ [ -71.1071221, 42.3800522 ], [ -71.1071223, 42.3800523 ], [ -71.1071224, 42.3800522 ], [ -71.1072673, 42.3799535 ], [ -71.1072671, 42.3799534 ], [ -71.1069629, 42.3797062 ], [ -71.1068844, 42.3797586 ], [ -71.1067705, 42.3796666 ], [ -71.1066773, 42.3796891 ], [ -71.106713, 42.3797811 ], [ -71.1067543, 42.3797533 ], [ -71.1071221, 42.3800522 ] ] ] } },
{ "type": "Feature", "properties": { "District": "Small Business", "DistType": "Small Business", "Shape_Leng": 1066.0375476, "Shape_Area": 37185.069590899999 }, "geometry": { "type": "Polygon", "coordinates": [ [ [ -71.1082934, 42.3801223 ], [ -71.1083085, 42.3801344 ], [ -71.1082038, 42.3802121 ], [ -71.1081109, 42.3802809 ], [ -71.1081259, 42.380293 ], [ -71.1082652, 42.3804059 ], [ -71.1082654, 42.3804061 ], [ -71.1082655, 42.3804059 ], [ -71.1085625, 42.3801858 ], [ -71.1084229, 42.3800729 ], [ -71.1084081, 42.3800609 ], [ -71.1084079, 42.3800608 ], [ -71.1083929, 42.3800486 ], [ -71.1083163, 42.3799866 ], [ -71.1082642, 42.3799443 ], [ -71.108264, 42.3799442 ], [ -71.1081307, 42.3798359 ], [ -71.1081306, 42.3798358 ], [ -71.1079925, 42.3797237 ], [ -71.1078974, 42.3796446 ], [ -71.1078972, 42.3796444 ], [ -71.1078971, 42.3796446 ], [ -71.1075093, 42.3799063 ], [ -71.1073771, 42.3799955 ], [ -71.1077459, 42.380294 ], [ -71.1078225, 42.3802423 ], [ -71.1079538, 42.3801536 ], [ -71.1080507, 42.3800882 ], [ -71.1081601, 42.3800143 ], [ -71.1082934, 42.3801223 ] ] ] } },
{ "type": "Feature", "properties": { "District": "Small Business", "DistType": "Small Business", "Shape_Leng": 453.889282471, "Shape_Area": 10727.4866542 }, "geometry": { "type": "Polygon", "coordinates": [ [ [ -71.1091182, 42.3809094 ], [ -71.1092417, 42.3810179 ], [ -71.1092418, 42.381018 ], [ -71.109242, 42.3810179 ], [ -71.1094458, 42.3808951 ], [ -71.1093327, 42.3808034 ], [ -71.1093147, 42.3807888 ], [ -71.1093145, 42.3807887 ], [ -71.1091899, 42.3806875 ], [ -71.1091897, 42.3806874 ], [ -71.1090538, 42.3805771 ], [ -71.1090537, 42.3805769 ], [ -71.1090535, 42.3805771 ], [ -71.1090189, 42.3806011 ], [ -71.1089087, 42.3806758 ], [ -71.1088625, 42.3807066 ], [ -71.1089902, 42.3808099 ], [ -71.1089987, 42.3808046 ], [ -71.1091182, 42.3809094 ] ] ] } },
{ "type": "Feature", "properties": { "District": "Small Business", "DistType": "Small Business", "Shape_Leng": 814.24717137000005, "Shape_Area": 28697.746557400002 }, "geometry": { "type": "Polygon", "coordinates": [ [ [ -71.10954, 42.3809768 ], [ -71.1093886, 42.3810677 ], [ -71.1093304, 42.3811031 ], [ -71.109467, 42.3812187 ], [ -71.1095788, 42.3813134 ], [ -71.1095086, 42.381358 ], [ -71.1095645, 42.3814083 ], [ -71.1096051, 42.3814449 ], [ -71.1096218, 42.38146 ], [ -71.1096738, 42.3815068 ], [ -71.1096851, 42.3815169 ], [ -71.1097269, 42.3815546 ], [ -71.1097721, 42.3815953 ], [ -71.1097774, 42.3816 ], [ -71.1098274, 42.381645 ], [ -71.109868, 42.3816815 ], [ -71.1098684, 42.3816819 ], [ -71.1098797, 42.3816921 ], [ -71.1099805, 42.3817828 ], [ -71.1099888, 42.3817902 ], [ -71.1102884, 42.3815852 ], [ -71.1102886, 42.3815851 ], [ -71.1101709, 42.3814894 ], [ -71.1101655, 42.381485 ], [ -71.1101654, 42.3814849 ], [ -71.1100691, 42.3814066 ], [ -71.1100689, 42.3814065 ], [ -71.1099768, 42.3813316 ], [ -71.1099766, 42.3813315 ], [ -71.1098845, 42.3812566 ], [ -71.1098844, 42.3812565 ], [ -71.1097897, 42.3811796 ], [ -71.1097896, 42.3811794 ], [ -71.1095403, 42.3809768 ], [ -71.1095402, 42.3809767 ], [ -71.10954, 42.3809768 ] ] ] } },
{ "type": "Feature", "properties": { "District": "Small Business", "DistType": "Small Business", "Shape_Leng": 396.11868933300002, "Shape_Area": 7295.9995922099997 }, "geometry": { "type": "Polygon", "coordinates": [ [ [ -71.110895, 42.3818051 ], [ -71.1110372, 42.3819206 ], [ -71.1110373, 42.3819206 ], [ -71.1110375, 42.3819206 ], [ -71.1112245, 42.3818629 ], [ -71.1112891, 42.3818394 ], [ -71.1113742, 42.3818066 ], [ -71.1113742, 42.3818065 ], [ -71.11132, 42.3817372 ], [ -71.1109084, 42.3817038 ], [ -71.1107549, 42.3816913 ], [ -71.110895, 42.3818051 ] ] ] } },
{ "type": "Feature", "properties": { "District": "Small Business", "DistType": "Small Business", "Shape_Leng": 492.69936057299998, "Shape_Area": 13373.9618245 }, "geometry": { "type": "Polygon", "coordinates": [ [ [ -71.110153, 42.3818653 ], [ -71.1101939, 42.3818899 ], [ -71.1101972, 42.3818919 ], [ -71.1103093, 42.3819595 ], [ -71.1103149, 42.3819629 ], [ -71.1104247, 42.382029 ], [ -71.1105401, 42.3820985 ], [ -71.110541, 42.3820991 ], [ -71.1106608, 42.3821713 ], [ -71.110661, 42.3821714 ], [ -71.1106611, 42.3821713 ], [ -71.1106759, 42.3821462 ], [ -71.1107765, 42.3819819 ], [ -71.1107141, 42.3819318 ], [ -71.1104169, 42.3816895 ], [ -71.110153, 42.3818653 ] ] ] } },
{ "type": "Feature", "properties": { "District": "Small Business", "DistType": "Small Business", "Shape_Leng": 489.35908756399999, "Shape_Area": 11459.997190300001 }, "geometry": { "type": "Polygon", "coordinates": [ [ [ -71.1017403, 42.3821849 ], [ -71.1018051, 42.3822072 ], [ -71.1018054, 42.3822073 ], [ -71.1018055, 42.3822072 ], [ -71.1018453, 42.3821493 ], [ -71.1019076, 42.3820589 ], [ -71.1018326, 42.3820341 ], [ -71.1018324, 42.382034 ], [ -71.1017653, 42.3820119 ], [ -71.101765, 42.3820118 ], [ -71.1016982, 42.3819898 ], [ -71.1016979, 42.3819897 ], [ -71.101631, 42.3819676 ], [ -71.1016307, 42.3819675 ], [ -71.1015637, 42.3819453 ], [ -71.1015634, 42.3819453 ], [ -71.101495, 42.3819227 ], [ -71.1014947, 42.3819226 ], [ -71.1014266, 42.3819001 ], [ -71.1014263, 42.3819 ], [ -71.1013589, 42.3818778 ], [ -71.1013586, 42.3818777 ], [ -71.1012958, 42.3818569 ], [ -71.1012955, 42.3818568 ], [ -71.1012954, 42.3818569 ], [ -71.1012279, 42.3819554 ], [ -71.1011851, 42.3820178 ], [ -71.10126, 42.3820413 ], [ -71.1013272, 42.3820623 ], [ -71.1013962, 42.382084 ], [ -71.1014655, 42.3821056 ], [ -71.1015334, 42.3821269 ], [ -71.1015633, 42.3821363 ], [ -71.1015676, 42.3821374 ], [ -71.1016023, 42.3821464 ], [ -71.1016719, 42.3821643 ], [ -71.1016762, 42.3821628 ], [ -71.1017403, 42.3821849 ] ] ] } },
{ "type": "Feature", "properties": { "District": "Small Business", "DistType": "Small Business", "Shape_Leng": 174.26008951399999, "Shape_Area": 1819.3005528000001 }, "geometry": { "type": "Polygon", "coordinates": [ [ [ -71.1113475, 42.3822097 ], [ -71.1114337, 42.3822796 ], [ -71.1114339, 42.3822797 ], [ -71.1114341, 42.3822796 ], [ -71.1115782, 42.3821838 ], [ -71.1115781, 42.3821837 ], [ -71.1114915, 42.3821131 ], [ -71.1113475, 42.3822097 ] ] ] } },
{ "type": "Feature", "properties": { "District": "Small Business", "DistType": "Small Business", "Shape_Leng": 186.15758276700001, "Shape_Area": 2056.2340598400001 }, "geometry": { "type": "Polygon", "coordinates": [ [ [ -71.1115053, 42.3823375 ], [ -71.1115952, 42.3824104 ], [ -71.1117533, 42.3823068 ], [ -71.1116629, 42.3822336 ], [ -71.1115053, 42.3823375 ] ] ] } },
{ "type": "Feature", "properties": { "District": "Small Business", "DistType": "Small Business", "Shape_Leng": 184.50366079899999, "Shape_Area": 2030.8859759100001 }, "geometry": { "type": "Polygon", "coordinates": [ [ [ -71.1035274, 42.3823878 ], [ -71.1036506, 42.3824269 ], [ -71.1037342, 42.3822874 ], [ -71.1036114, 42.3822464 ], [ -71.1035274, 42.3823878 ] ] ] } },
{ "type": "Feature", "properties": { "District": "Small Business", "DistType": "Small Business", "Shape_Leng": 659.09590518799996, "Shape_Area": 21241.848872800001 }, "geometry": { "type": "Polygon", "coordinates": [ [ [ -71.1020458, 42.3821001 ], [ -71.1020369, 42.3821082 ], [ -71.1019501, 42.3822345 ], [ -71.1018978, 42.3823116 ], [ -71.1019871, 42.3823415 ], [ -71.1021284, 42.3823886 ], [ -71.1021652, 42.382401 ], [ -71.1023103, 42.3824494 ], [ -71.1023068, 42.3824544 ], [ -71.1024296, 42.3824972 ], [ -71.1025688, 42.3825458 ], [ -71.1026969, 42.3825905 ], [ -71.1027261, 42.3825514 ], [ -71.102856, 42.3823686 ], [ -71.102856, 42.3823685 ], [ -71.1027269, 42.3823257 ], [ -71.1027267, 42.3823257 ], [ -71.1024601, 42.3822373 ], [ -71.1024598, 42.3822372 ], [ -71.1022755, 42.3821761 ], [ -71.1021316, 42.3821284 ], [ -71.1021313, 42.3821283 ], [ -71.1020461, 42.3821001 ], [ -71.1020459, 42.3821 ], [ -71.1020458, 42.3821001 ] ] ] } },
{ "type": "Feature", "properties": { "District": "Small Business", "DistType": "Small Business", "Shape_Leng": 325.043798353, "Shape_Area": 5305.2817881399997 }, "geometry": { "type": "Polygon", "coordinates": [ [ [ -71.1028796, 42.3825988 ], [ -71.1030098, 42.3826451 ], [ -71.1030484, 42.3825796 ], [ -71.1032138, 42.3826341 ], [ -71.1032141, 42.3826342 ], [ -71.1032142, 42.3826341 ], [ -71.1032867, 42.3825109 ], [ -71.103262, 42.3825031 ], [ -71.1031212, 42.3824564 ], [ -71.1031209, 42.3824563 ], [ -71.1029894, 42.3824128 ], [ -71.1029891, 42.3824127 ], [ -71.1029891, 42.3824128 ], [ -71.1028796, 42.3825988 ] ] ] } },
{ "type": "Feature", "properties": { "District": "Small Business", "DistType": "Small Business", "Shape_Leng": 691.42273102399997, "Shape_Area": 17230.155601 }, "geometry": { "type": "Polygon", "coordinates": [ [ [ -71.1110829, 42.3825626 ], [ -71.1110451, 42.3825882 ], [ -71.1110546, 42.3825962 ], [ -71.1111148, 42.3826467 ], [ -71.1111963, 42.3827122 ], [ -71.1114519, 42.3825363 ], [ -71.1114521, 42.3825362 ], [ -71.1113028, 42.3824147 ], [ -71.1113027, 42.3824146 ], [ -71.1110609, 42.3822215 ], [ -71.1110607, 42.3822214 ], [ -71.1108476, 42.3820487 ], [ -71.1108474, 42.3820485 ], [ -71.1108473, 42.3820487 ], [ -71.1107625, 42.3821917 ], [ -71.1109607, 42.3823024 ], [ -71.1108182, 42.3824178 ], [ -71.1109292, 42.3824876 ], [ -71.1109622, 42.3824646 ], [ -71.1110829, 42.3825626 ] ] ] } },
{ "type": "Feature", "properties": { "District": "Small Business", "DistType": "Small Business", "Shape_Leng": 404.42139687000002, "Shape_Area": 10177.202637799999 }, "geometry": { "type": "Polygon", "coordinates": [ [ [ -71.1034216, 42.3825587 ], [ -71.1032824, 42.3827952 ], [ -71.1034708, 42.3828575 ], [ -71.1036361, 42.3829122 ], [ -71.103679, 42.3828489 ], [ -71.1037953, 42.3826771 ], [ -71.1037954, 42.382677 ], [ -71.1036314, 42.382625 ], [ -71.1036311, 42.3826249 ], [ -71.103422, 42.3825587 ], [ -71.1034217, 42.3825586 ], [ -71.1034216, 42.3825587 ] ] ] } },
{ "type": "Feature", "properties": { "District": "Small Business", "DistType": "Small Business", "Shape_Leng": 227.690242106, "Shape_Area": 2891.7141183799999 }, "geometry": { "type": "Polygon", "coordinates": [ [ [ -71.1127145, 42.3832995 ], [ -71.1127267, 42.3833086 ], [ -71.1128517, 42.3832189 ], [ -71.1128203, 42.3831917 ], [ -71.112805, 42.3832013 ], [ -71.1126786, 42.3830937 ], [ -71.1126784, 42.3830939 ], [ -71.1125593, 42.3831751 ], [ -71.1127145, 42.3832995 ] ] ] } },
{ "type": "Feature", "properties": { "District": "Small Business", "DistType": "Small Business", "Shape_Leng": 743.57373223599996, "Shape_Area": 20053.450039700001 }, "geometry": { "type": "Polygon", "coordinates": [ [ [ -71.1072348, 42.383667 ], [ -71.1072915, 42.3836873 ], [ -71.1073481, 42.3837077 ], [ -71.1074198, 42.3837333 ], [ -71.1074614, 42.3837483 ], [ -71.1075921, 42.383793 ], [ -71.1075959, 42.3837943 ], [ -71.1077403, 42.383827 ], [ -71.1077406, 42.3838271 ], [ -71.1077406, 42.383827 ], [ -71.1077598, 42.3838007 ], [ -71.107763, 42.3837921 ], [ -71.1078633, 42.3836382 ], [ -71.1076667, 42.3835947 ], [ -71.1076664, 42.3835946 ], [ -71.1075319, 42.3835648 ], [ -71.1075316, 42.3835647 ], [ -71.1073936, 42.3835342 ], [ -71.1073933, 42.3835341 ], [ -71.1072099, 42.3834935 ], [ -71.1072096, 42.3834934 ], [ -71.1069226, 42.3834298 ], [ -71.1069224, 42.3834298 ], [ -71.1069223, 42.3834298 ], [ -71.1067764, 42.3836495 ], [ -71.1070406, 42.3837487 ], [ -71.1071216, 42.3836264 ], [ -71.1072348, 42.383667 ] ] ] } },
{ "type": "Feature", "properties": { "District": "Small Business", "DistType": "Small Business", "Shape_Leng": 601.18831615299996, "Shape_Area": 14631.180926700001 }, "geometry": { "type": "Polygon", "coordinates": [ [ [ -71.1129248, 42.3837317 ], [ -71.1128062, 42.3838223 ], [ -71.112758, 42.3838614 ], [ -71.1128625, 42.3839382 ], [ -71.1129449, 42.3839988 ], [ -71.1129519, 42.384004 ], [ -71.1129632, 42.3840123 ], [ -71.1130422, 42.3840703 ], [ -71.1130532, 42.3840784 ], [ -71.1130383, 42.3840904 ], [ -71.1131636, 42.3841771 ], [ -71.113261, 42.3842445 ], [ -71.1132637, 42.3842464 ], [ -71.1133852, 42.3843305 ], [ -71.1133854, 42.3843307 ], [ -71.1133856, 42.3843305 ], [ -71.113505, 42.3842025 ], [ -71.1134376, 42.3841459 ], [ -71.1134137, 42.3841266 ], [ -71.1134136, 42.3841265 ], [ -71.1133137, 42.3840457 ], [ -71.1133135, 42.3840456 ], [ -71.1132078, 42.3839602 ], [ -71.1132076, 42.38396 ], [ -71.1131251, 42.3838933 ], [ -71.1131215, 42.3838904 ], [ -71.1131214, 42.3838903 ], [ -71.1130252, 42.3838126 ], [ -71.113025, 42.3838124 ], [ -71.1129251, 42.3837317 ], [ -71.1129249, 42.3837315 ], [ -71.1129248, 42.3837317 ] ] ] } },
{ "type": "Feature", "properties": { "District": "Small Business", "DistType": "Small Business", "Shape_Leng": 1208.0737835100001, "Shape_Area": 48627.2226046 }, "geometry": { "type": "Polygon", "coordinates": [ [ [ -71.113415, 42.3838641 ], [ -71.1134171, 42.3838659 ], [ -71.1135196, 42.3839493 ], [ -71.1136242, 42.3840346 ], [ -71.1136877, 42.3840863 ], [ -71.1136977, 42.3840945 ], [ -71.1137005, 42.3840967 ], [ -71.1137077, 42.3841026 ], [ -71.1138004, 42.384178 ], [ -71.1139425, 42.3842936 ], [ -71.1140791, 42.3844048 ], [ -71.1141589, 42.3844697 ], [ -71.1142586, 42.3845509 ], [ -71.1142921, 42.3845782 ], [ -71.1143479, 42.3846276 ], [ -71.1143481, 42.3846277 ], [ -71.1143482, 42.3846276 ], [ -71.1144076, 42.3845787 ], [ -71.1145093, 42.3845103 ], [ -71.114498, 42.3845015 ], [ -71.1145662, 42.3844449 ], [ -71.114566, 42.3844448 ], [ -71.114462, 42.3843859 ], [ -71.1144571, 42.3843832 ], [ -71.114419, 42.3843616 ], [ -71.1143316, 42.3843121 ], [ -71.1143309, 42.3842911 ], [ -71.1142535, 42.3842301 ], [ -71.1143977, 42.3840972 ], [ -71.1142889, 42.3840035 ], [ -71.1141412, 42.3838764 ], [ -71.1140923, 42.3838343 ], [ -71.1140831, 42.3838265 ], [ -71.1140733, 42.3838183 ], [ -71.1140147, 42.3837688 ], [ -71.1139141, 42.3836809 ], [ -71.1137241, 42.3838102 ], [ -71.1136218, 42.3837268 ], [ -71.1135124, 42.3836377 ], [ -71.1134055, 42.3835506 ], [ -71.1131997, 42.3836889 ], [ -71.1133078, 42.3837768 ], [ -71.113415, 42.3838641 ] ] ] } },
{ "type": "Feature", "properties": { "District": "Small Business", "DistType": "Small Business", "Shape_Leng": 524.469966398, "Shape_Area": 15256.6604955 }, "geometry": { "type": "Polygon", "coordinates": [ [ [ -71.113599, 42.3842727 ], [ -71.113492, 42.3843793 ], [ -71.1134829, 42.3843885 ], [ -71.1133655, 42.3845057 ], [ -71.1136041, 42.3846368 ], [ -71.1135968, 42.384644 ], [ -71.1137247, 42.3847155 ], [ -71.1137258, 42.384716 ], [ -71.1138559, 42.3847888 ], [ -71.1138562, 42.3847889 ], [ -71.1138563, 42.3847888 ], [ -71.114024, 42.3846181 ], [ -71.113913, 42.3845292 ], [ -71.1139114, 42.3845279 ], [ -71.1139112, 42.3845278 ], [ -71.1138556, 42.3844832 ], [ -71.1138019, 42.3844391 ], [ -71.1138017, 42.384439 ], [ -71.1135993, 42.3842727 ], [ -71.1135991, 42.3842726 ], [ -71.113599, 42.3842727 ] ] ] } },
{ "type": "Feature", "properties": { "District": "Small Business", "DistType": "Small Business", "Shape_Leng": 672.63243481799998, "Shape_Area": 23495.1319262 }, "geometry": { "type": "Polygon", "coordinates": [ [ [ -71.0927505, 42.3844876 ], [ -71.0928732, 42.3845368 ], [ -71.0929434, 42.3845645 ], [ -71.0930085, 42.3845901 ], [ -71.0931998, 42.3846655 ], [ -71.0933596, 42.3847285 ], [ -71.0934939, 42.3847814 ], [ -71.0934942, 42.3847815 ], [ -71.0934942, 42.3847814 ], [ -71.0936403, 42.3845467 ], [ -71.0936665, 42.3845081 ], [ -71.0936662, 42.3845079 ], [ -71.0935325, 42.3844543 ], [ -71.0933578, 42.3843841 ], [ -71.0933397, 42.3844114 ], [ -71.0931815, 42.3843493 ], [ -71.0929145, 42.3842445 ], [ -71.0929068, 42.384256 ], [ -71.0927505, 42.3844876 ] ] ] } },
{ "type": "Feature", "properties": { "District": "Small Business", "DistType": "Small Business", "Shape_Leng": 175.931155348, "Shape_Area": 1878.8033282900001 }, "geometry": { "type": "Polygon", "coordinates": [ [ [ -71.0883693, 42.384728 ], [ -71.0883761, 42.3847302 ], [ -71.0884817, 42.3847653 ], [ -71.088482, 42.3847654 ], [ -71.088482, 42.3847653 ], [ -71.0885854, 42.3846551 ], [ -71.0885881, 42.3846523 ], [ -71.0885884, 42.384652 ], [ -71.0885881, 42.3846519 ], [ -71.088448, 42.3846029 ], [ -71.0883693, 42.384728 ] ] ] } },
{ "type": "Feature", "properties": { "District": "Small Business", "DistType": "Small Business", "Shape_Leng": 309.19885420700001, "Shape_Area": 3374.00861145 }, "geometry": { "type": "Polygon", "coordinates": [ [ [ -71.0926843, 42.3846492 ], [ -71.092981, 42.3849392 ], [ -71.0930781, 42.3848035 ], [ -71.0930782, 42.3848034 ], [ -71.0929008, 42.3847339 ], [ -71.0926847, 42.3846492 ], [ -71.0926841, 42.384649 ], [ -71.0926843, 42.3846492 ] ] ] } },
{ "type": "Feature", "properties": { "District": "Small Business", "DistType": "Small Business", "Shape_Leng": 533.35518024600003, "Shape_Area": 16599.085691100001 }, "geometry": { "type": "Polygon", "coordinates": [ [ [ -71.093753, 42.3845882 ], [ -71.0935994, 42.384824 ], [ -71.0937607, 42.3848869 ], [ -71.093841, 42.3849182 ], [ -71.0939279, 42.3849521 ], [ -71.0941508, 42.385039 ], [ -71.094151, 42.3850391 ], [ -71.0941511, 42.385039 ], [ -71.0942331, 42.3849189 ], [ -71.0942332, 42.3849188 ], [ -71.0942911, 42.3848341 ], [ -71.094314, 42.384801 ], [ -71.0943137, 42.3848009 ], [ -71.0940814, 42.3847104 ], [ -71.0940091, 42.3846753 ], [ -71.0939191, 42.3846408 ], [ -71.093756, 42.3845838 ], [ -71.093753, 42.3845882 ] ] ] } },
{ "type": "Feature", "properties": { "District": "Small Business", "DistType": "Small Business", "Shape_Leng": 493.53290095099999, "Shape_Area": 12449.8314517 }, "geometry": { "type": "Polygon", "coordinates": [ [ [ -71.1140863, 42.3846712 ], [ -71.1138971, 42.3848642 ], [ -71.1140228, 42.3849343 ], [ -71.1141445, 42.3850022 ], [ -71.1141183, 42.3850271 ], [ -71.1142323, 42.3850888 ], [ -71.1143506, 42.3851544 ], [ -71.1143508, 42.3851546 ], [ -71.114351, 42.3851544 ], [ -71.1144686, 42.3850387 ], [ -71.114501, 42.3850096 ], [ -71.1144406, 42.3849603 ], [ -71.1144, 42.3849271 ], [ -71.1143998, 42.384927 ], [ -71.1143054, 42.3848499 ], [ -71.1143053, 42.3848498 ], [ -71.1142928, 42.3848396 ], [ -71.1141944, 42.3847592 ], [ -71.1141942, 42.3847591 ], [ -71.1140867, 42.3846712 ], [ -71.1140865, 42.3846711 ], [ -71.1140863, 42.3846712 ] ] ] } },
{ "type": "Feature", "properties": { "District": "Small Business", "DistType": "Small Business", "Shape_Leng": 894.89861543400002, "Shape_Area": 30729.153194400002 }, "geometry": { "type": "Polygon", "coordinates": [ [ [ -71.1144841, 42.3846781 ], [ -71.114457, 42.3846959 ], [ -71.1144607, 42.3846994 ], [ -71.1144503, 42.3847081 ], [ -71.1145174, 42.3847619 ], [ -71.1145872, 42.3848179 ], [ -71.1147003, 42.3849086 ], [ -71.1148232, 42.3850073 ], [ -71.1148259, 42.3850094 ], [ -71.1149503, 42.385111 ], [ -71.1152286, 42.3853383 ], [ -71.1152288, 42.3853384 ], [ -71.1152289, 42.3853383 ], [ -71.1154169, 42.3851906 ], [ -71.1154167, 42.3851904 ], [ -71.1151225, 42.3849923 ], [ -71.1152794, 42.3848563 ], [ -71.1151592, 42.3847528 ], [ -71.1151476, 42.3847428 ], [ -71.1149115, 42.3845396 ], [ -71.1148466, 42.3845953 ], [ -71.1147555, 42.384676 ], [ -71.114683, 42.3846267 ], [ -71.1146077, 42.3845768 ], [ -71.1144841, 42.3846781 ] ] ] } },
{ "type": "Feature", "properties": { "District": "Small Business", "DistType": "Small Business", "Shape_Leng": 366.46800043000002, "Shape_Area": 5914.9425622999997 }, "geometry": { "type": "Polygon", "coordinates": [ [ [ -71.1154971, 42.3855548 ], [ -71.1155925, 42.3856314 ], [ -71.115703, 42.3855583 ], [ -71.1157914, 42.3854999 ], [ -71.1157181, 42.3854087 ], [ -71.1156186, 42.3854745 ], [ -71.1154405, 42.385332 ], [ -71.1153288, 42.3854198 ], [ -71.1154971, 42.3855548 ] ] ] } },
{ "type": "Feature", "properties": { "District": "Small Business", "DistType": "Small Business", "Shape_Leng": 408.25074278199997, "Shape_Area": 7956.3636698500004 }, "geometry": { "type": "Polygon", "coordinates": [ [ [ -71.0876044, 42.3853015 ], [ -71.0875686, 42.3853648 ], [ -71.0877, 42.3854181 ], [ -71.0876089, 42.3855707 ], [ -71.0876232, 42.3855756 ], [ -71.0877835, 42.3856265 ], [ -71.0877838, 42.3856266 ], [ -71.0877838, 42.3856265 ], [ -71.087796, 42.3856076 ], [ -71.087881, 42.3854834 ], [ -71.087881, 42.3854833 ], [ -71.0879608, 42.3853706 ], [ -71.0879662, 42.3853622 ], [ -71.087966, 42.3853621 ], [ -71.0876379, 42.3852423 ], [ -71.0876044, 42.3853015 ] ] ] } },
{ "type": "Feature", "properties": { "District": "Small Business", "DistType": "Small Business", "Shape_Leng": 1235.4409458099999, "Shape_Area": 54659.501247699998 }, "geometry": { "type": "Polygon", "coordinates": [ [ [ -71.1145641, 42.3850564 ], [ -71.1145385, 42.3850793 ], [ -71.1143977, 42.3852216 ], [ -71.1144826, 42.3852915 ], [ -71.1144687, 42.3853006 ], [ -71.1145797, 42.3853859 ], [ -71.1146314, 42.3854345 ], [ -71.1145243, 42.3855318 ], [ -71.1144639, 42.3855866 ], [ -71.1145537, 42.3856383 ], [ -71.1146373, 42.3856865 ], [ -71.1146435, 42.38569 ], [ -71.1147334, 42.3857418 ], [ -71.114821, 42.3857922 ], [ -71.1149315, 42.3858577 ], [ -71.115045, 42.3859211 ], [ -71.1151548, 42.3859843 ], [ -71.1152689, 42.38605 ], [ -71.1153831, 42.3861158 ], [ -71.1154975, 42.3861816 ], [ -71.1156099, 42.3862463 ], [ -71.1158314, 42.386083 ], [ -71.1158316, 42.3860829 ], [ -71.1157417, 42.3860102 ], [ -71.1157415, 42.3860101 ], [ -71.1156629, 42.3859464 ], [ -71.1156417, 42.3859293 ], [ -71.1156415, 42.3859291 ], [ -71.115546, 42.3858518 ], [ -71.1155459, 42.3858517 ], [ -71.1154519, 42.3857755 ], [ -71.1154517, 42.3857754 ], [ -71.1153578, 42.3856992 ], [ -71.1153576, 42.3856991 ], [ -71.1152625, 42.385622 ], [ -71.1152623, 42.3856219 ], [ -71.1151681, 42.3855455 ], [ -71.1151679, 42.3855454 ], [ -71.1150806, 42.3854747 ], [ -71.1150805, 42.3854745 ], [ -71.1149956, 42.3854059 ], [ -71.1149955, 42.3854057 ], [ -71.114914, 42.3853396 ], [ -71.1149138, 42.3853395 ], [ -71.11482, 42.3852635 ], [ -71.1148199, 42.3852634 ], [ -71.1146886, 42.385157 ], [ -71.1146884, 42.3851569 ], [ -71.1145644, 42.3850564 ], [ -71.1145642, 42.3850563 ], [ -71.1145641, 42.3850564 ] ] ] } },
{ "type": "Feature", "properties": { "District": "Small Business", "DistType": "Small Business", "Shape_Leng": 718.58308500800001, "Shape_Area": 19507.813372299999 }, "geometry": { "type": "Polygon", "coordinates": [ [ [ -71.0874757, 42.3864111 ], [ -71.0876403, 42.3864665 ], [ -71.0877335, 42.3863171 ], [ -71.08782, 42.3863462 ], [ -71.0878356, 42.3863213 ], [ -71.0879519, 42.3863604 ], [ -71.087987, 42.3863031 ], [ -71.0879977, 42.3862855 ], [ -71.0881147, 42.386061 ], [ -71.0879458, 42.386005 ], [ -71.0879913, 42.3859299 ], [ -71.0880487, 42.385835 ], [ -71.0880488, 42.3858349 ], [ -71.0878786, 42.3857816 ], [ -71.0878783, 42.3857815 ], [ -71.0878783, 42.3857816 ], [ -71.0878171, 42.3858719 ], [ -71.0877716, 42.3859472 ], [ -71.0876722, 42.3861017 ], [ -71.0876629, 42.3861162 ], [ -71.0876333, 42.3861628 ], [ -71.0875703, 42.3862621 ], [ -71.0874757, 42.3864111 ] ] ] } },
{ "type": "Feature", "properties": { "District": "Small Business", "DistType": "Small Business", "Shape_Leng": 601.94816537300005, "Shape_Area": 14321.395273599999 }, "geometry": { "type": "Polygon", "coordinates": [ [ [ -71.0870961, 42.387022 ], [ -71.0872891, 42.3870852 ], [ -71.0873678, 42.3869612 ], [ -71.0875045, 42.3870059 ], [ -71.0875809, 42.386882 ], [ -71.0874704, 42.3868458 ], [ -71.0875464, 42.3867204 ], [ -71.0876289, 42.3865829 ], [ -71.087629, 42.3865828 ], [ -71.0874199, 42.3865125 ], [ -71.0874197, 42.3865124 ], [ -71.0874196, 42.3865125 ], [ -71.0873321, 42.3866503 ], [ -71.0872531, 42.3867747 ], [ -71.0871748, 42.386898 ], [ -71.0870961, 42.387022 ] ] ] } },
{ "type": "Feature", "properties": { "District": "Small Business", "DistType": "Small Business", "Shape_Leng": 608.53011374599998, "Shape_Area": 18494.111507000001 }, "geometry": { "type": "Polygon", "coordinates": [ [ [ -71.0860358, 42.3876218 ], [ -71.0861141, 42.3876517 ], [ -71.0861512, 42.3875945 ], [ -71.0862851, 42.3876065 ], [ -71.0863382, 42.3876113 ], [ -71.0863687, 42.3876213 ], [ -71.0864942, 42.3874426 ], [ -71.0864943, 42.3874425 ], [ -71.0864103, 42.3874133 ], [ -71.08641, 42.3874132 ], [ -71.0862946, 42.3873731 ], [ -71.0862943, 42.387373 ], [ -71.0861404, 42.3873195 ], [ -71.0861401, 42.3873194 ], [ -71.0860419, 42.3872853 ], [ -71.0859867, 42.3872652 ], [ -71.0859864, 42.3872651 ], [ -71.0858247, 42.3872061 ], [ -71.0858245, 42.387206 ], [ -71.0858244, 42.3872061 ], [ -71.0857045, 42.3873876 ], [ -71.0858686, 42.3874475 ], [ -71.0858103, 42.3875378 ], [ -71.0859642, 42.3875918 ], [ -71.0860358, 42.3876218 ] ] ] } },
{ "type": "Feature", "properties": { "District": "Small Business", "DistType": "Small Business", "Shape_Leng": 211.54591735, "Shape_Area": 2484.8215019099998 }, "geometry": { "type": "Polygon", "coordinates": [ [ [ -71.1153452, 42.3877025 ], [ -71.1154172, 42.3877855 ], [ -71.1154173, 42.3877856 ], [ -71.1154176, 42.3877855 ], [ -71.1156409, 42.3876886 ], [ -71.1156408, 42.3876885 ], [ -71.1155745, 42.3876075 ], [ -71.1153452, 42.3877025 ] ] ] } },
{ "type": "Feature", "properties": { "District": "Small Business", "DistType": "Small Business", "Shape_Leng": 286.49637050899997, "Shape_Area": 5301.3384814199999 }, "geometry": { "type": "Polygon", "coordinates": [ [ [ -71.1157014, 42.3877952 ], [ -71.1156833, 42.3878033 ], [ -71.1156661, 42.3878121 ], [ -71.1156498, 42.3878217 ], [ -71.1156343, 42.3878321 ], [ -71.1156197, 42.3878431 ], [ -71.1156061, 42.3878549 ], [ -71.1155987, 42.3878614 ], [ -71.115539, 42.3879289 ], [ -71.1156501, 42.3880508 ], [ -71.1156613, 42.3880631 ], [ -71.1158921, 42.3879653 ], [ -71.115732, 42.3877818 ], [ -71.1157014, 42.3877952 ] ] ] } },
{ "type": "Feature", "properties": { "District": "Small Business", "DistType": "Small Business", "Shape_Leng": 289.71374986400002, "Shape_Area": 4165.3411798300003 }, "geometry": { "type": "Polygon", "coordinates": [ [ [ -71.1154159, 42.3880968 ], [ -71.1152406, 42.3883281 ], [ -71.1154109, 42.3883946 ], [ -71.1153912, 42.3883676 ], [ -71.1154059, 42.3883441 ], [ -71.1155557, 42.388247 ], [ -71.1155559, 42.3882468 ], [ -71.1154162, 42.3880968 ], [ -71.115416, 42.3880966 ], [ -71.1154159, 42.3880968 ] ] ] } },
{ "type": "Feature", "properties": { "District": "Small Business", "DistType": "Small Business", "Shape_Leng": 513.45039314500002, "Shape_Area": 14127.0583947 }, "geometry": { "type": "Polygon", "coordinates": [ [ [ -71.1053692, 42.3894707 ], [ -71.1055169, 42.3895196 ], [ -71.1054447, 42.3896357 ], [ -71.1055574, 42.3896733 ], [ -71.1055689, 42.3896771 ], [ -71.1056992, 42.3897205 ], [ -71.1058947, 42.3893725 ], [ -71.1058948, 42.3893724 ], [ -71.105893, 42.3893717 ], [ -71.1057901, 42.3893286 ], [ -71.1057898, 42.3893285 ], [ -71.1056948, 42.3892888 ], [ -71.1056738, 42.3892811 ], [ -71.1056736, 42.389281 ], [ -71.105541, 42.3892324 ], [ -71.1055408, 42.3892323 ], [ -71.1055407, 42.3892324 ], [ -71.1054136, 42.3894236 ], [ -71.1054, 42.3894199 ], [ -71.1053692, 42.3894707 ] ] ] } },
{ "type": "Feature", "properties": { "District": "Small Business", "DistType": "Small Business", "Shape_Leng": 416.52394607899998, "Shape_Area": 9900.5446881499993 }, "geometry": { "type": "Polygon", "coordinates": [ [ [ -71.0976645, 42.3895028 ], [ -71.0977546, 42.3895917 ], [ -71.0978424, 42.3896783 ], [ -71.0979829, 42.3898169 ], [ -71.0979831, 42.3898171 ], [ -71.0979832, 42.3898169 ], [ -71.0981335, 42.389601 ], [ -71.0981333, 42.3896008 ], [ -71.0980786, 42.3895467 ], [ -71.0979909, 42.3894601 ], [ -71.0979224, 42.3893924 ], [ -71.0979009, 42.3893711 ], [ -71.0976645, 42.3895028 ] ] ] } },
{ "type": "Feature", "properties": { "District": "Small Business", "DistType": "Small Business", "Shape_Leng": 451.11728438699998, "Shape_Area": 10680.0426092 }, "geometry": { "type": "Polygon", "coordinates": [ [ [ -71.0976724, 42.3899699 ], [ -71.0976726, 42.38997 ], [ -71.0976727, 42.3899699 ], [ -71.0977618, 42.3898411 ], [ -71.0977517, 42.389831 ], [ -71.0977048, 42.3897847 ], [ -71.0976961, 42.3897762 ], [ -71.097696, 42.389776 ], [ -71.0976072, 42.3896884 ], [ -71.0976071, 42.3896883 ], [ -71.0975182, 42.3896007 ], [ -71.0975181, 42.3896005 ], [ -71.0975179, 42.3896006 ], [ -71.0972465, 42.38975 ], [ -71.0973378, 42.3898364 ], [ -71.097341, 42.3898394 ], [ -71.0973268, 42.3898601 ], [ -71.0972841, 42.3899223 ], [ -71.0973683, 42.3899547 ], [ -71.0974797, 42.389894 ], [ -71.0976724, 42.3899699 ] ] ] } },
{ "type": "Feature", "properties": { "District": "Small Business", "DistType": "Small Business", "Shape_Leng": 530.36895215899995, "Shape_Area": 13846.8799961 }, "geometry": { "type": "Polygon", "coordinates": [ [ [ -71.0981723, 42.3897966 ], [ -71.0980868, 42.3899195 ], [ -71.098222, 42.3900529 ], [ -71.0983332, 42.3901625 ], [ -71.0984745, 42.390302 ], [ -71.0984747, 42.3903022 ], [ -71.0984749, 42.390302 ], [ -71.0985995, 42.3901296 ], [ -71.0986283, 42.3900871 ], [ -71.0986281, 42.3900869 ], [ -71.0985699, 42.3900307 ], [ -71.0984351, 42.3899342 ], [ -71.0984587, 42.389921 ], [ -71.0984337, 42.3898998 ], [ -71.098454, 42.3898707 ], [ -71.0982202, 42.3897278 ], [ -71.0981723, 42.3897966 ] ] ] } },
{ "type": "Feature", "properties": { "District": "Small Business", "DistType": "Small Business", "Shape_Leng": 778.271439149, "Shape_Area": 23331.068778000001 }, "geometry": { "type": "Polygon", "coordinates": [ [ [ -71.1068773, 42.3900446 ], [ -71.1070061, 42.3900848 ], [ -71.106948, 42.3901869 ], [ -71.1070773, 42.3902352 ], [ -71.1071982, 42.3902808 ], [ -71.1071972, 42.3902827 ], [ -71.1071779, 42.3903166 ], [ -71.1073061, 42.3903581 ], [ -71.1074344, 42.3903996 ], [ -71.1074595, 42.3903548 ], [ -71.1075142, 42.3902572 ], [ -71.1075852, 42.3901307 ], [ -71.1075853, 42.3901305 ], [ -71.1074654, 42.3900765 ], [ -71.1074651, 42.3900763 ], [ -71.1073452, 42.3900223 ], [ -71.1073449, 42.3900222 ], [ -71.1072263, 42.3899687 ], [ -71.107226, 42.3899685 ], [ -71.1071039, 42.3899135 ], [ -71.1071036, 42.3899133 ], [ -71.1069837, 42.3898593 ], [ -71.1069835, 42.3898592 ], [ -71.1068633, 42.389805 ], [ -71.1068569, 42.3898021 ], [ -71.1068566, 42.389802 ], [ -71.1068565, 42.3898021 ], [ -71.106781, 42.3899317 ], [ -71.1067566, 42.3899733 ], [ -71.106734, 42.3900303 ], [ -71.1067042, 42.3900829 ], [ -71.1066931, 42.3901044 ], [ -71.1067844, 42.3901469 ], [ -71.1068615, 42.3900375 ], [ -71.1068773, 42.3900446 ] ] ] } },
{ "type": "Feature", "properties": { "District": "Small Business", "DistType": "Small Business", "Shape_Leng": 465.4676645, "Shape_Area": 12241.747371400001 }, "geometry": { "type": "Polygon", "coordinates": [ [ [ -71.0978642, 42.3899424 ], [ -71.0976786, 42.3902036 ], [ -71.0977485, 42.390239 ], [ -71.0978534, 42.3903351 ], [ -71.0979583, 42.3904311 ], [ -71.0982157, 42.3902891 ], [ -71.0982159, 42.3902889 ], [ -71.0981303, 42.3902045 ], [ -71.0981159, 42.3901903 ], [ -71.0981158, 42.3901902 ], [ -71.0980159, 42.3900916 ], [ -71.0980157, 42.3900915 ], [ -71.0978646, 42.3899424 ], [ -71.0978644, 42.3899422 ], [ -71.0978642, 42.3899424 ] ] ] } },
{ "type": "Feature", "properties": { "District": "Small Business", "DistType": "Small Business", "Shape_Leng": 443.75637788099999, "Shape_Area": 10852.0235108 }, "geometry": { "type": "Polygon", "coordinates": [ [ [ -71.0985734, 42.3903995 ], [ -71.098649, 42.3904741 ], [ -71.0987365, 42.3905604 ], [ -71.0988244, 42.3906471 ], [ -71.0990598, 42.3905154 ], [ -71.0989724, 42.3904284 ], [ -71.0988886, 42.3903451 ], [ -71.0989159, 42.3903304 ], [ -71.0989545, 42.3903096 ], [ -71.0987022, 42.3902156 ], [ -71.0985734, 42.3903995 ] ] ] } },
{ "type": "Feature", "properties": { "District": "Small Business", "DistType": "Small Business", "Shape_Leng": 732.47006290499996, "Shape_Area": 24938.9343042 }, "geometry": { "type": "Polygon", "coordinates": [ [ [ -71.1084117, 42.390805 ], [ -71.1085336, 42.3908571 ], [ -71.1086554, 42.3909092 ], [ -71.1087772, 42.3909614 ], [ -71.1089447, 42.3907453 ], [ -71.1089448, 42.3907452 ], [ -71.108825, 42.390691 ], [ -71.1088248, 42.3906908 ], [ -71.1087049, 42.3906365 ], [ -71.1087047, 42.3906364 ], [ -71.1085849, 42.3905822 ], [ -71.1085846, 42.3905821 ], [ -71.1084648, 42.3905278 ], [ -71.1084646, 42.3905277 ], [ -71.1083447, 42.3904734 ], [ -71.1083445, 42.3904733 ], [ -71.1082262, 42.3904197 ], [ -71.108226, 42.3904196 ], [ -71.1081085, 42.3903664 ], [ -71.1081082, 42.3903663 ], [ -71.1081081, 42.3903664 ], [ -71.1079514, 42.3905575 ], [ -71.1080731, 42.3906102 ], [ -71.1080352, 42.3906618 ], [ -71.108156, 42.3907163 ], [ -71.1082761, 42.3907707 ], [ -71.1082899, 42.3907528 ], [ -71.1084117, 42.390805 ] ] ] } },
{ "type": "Feature", "properties": { "District": "Small Business", "DistType": "Small Business", "Shape_Leng": 695.81523419099994, "Shape_Area": 22334.782365800002 }, "geometry": { "type": "Polygon", "coordinates": [ [ [ -71.109305, 42.3909085 ], [ -71.1091427, 42.3911178 ], [ -71.1092569, 42.3911666 ], [ -71.1092645, 42.3911699 ], [ -71.1093864, 42.391222 ], [ -71.1095044, 42.3912725 ], [ -71.1095082, 42.3912741 ], [ -71.10963, 42.3913263 ], [ -71.1097518, 42.3913784 ], [ -71.1098672, 42.3914278 ], [ -71.1098705, 42.3914291 ], [ -71.1099898, 42.3914794 ], [ -71.10999, 42.3914795 ], [ -71.1099901, 42.3914794 ], [ -71.1100686, 42.3913773 ], [ -71.1100687, 42.3913772 ], [ -71.110133, 42.391282 ], [ -71.1101331, 42.3912819 ], [ -71.1100315, 42.3912356 ], [ -71.1100194, 42.3912319 ], [ -71.1100192, 42.3912319 ], [ -71.1099057, 42.3911805 ], [ -71.1099054, 42.3911804 ], [ -71.1097856, 42.3911261 ], [ -71.1097853, 42.391126 ], [ -71.1096653, 42.3910716 ], [ -71.1096598, 42.3910691 ], [ -71.1096595, 42.3910689 ], [ -71.1095455, 42.3910173 ], [ -71.1095452, 42.3910172 ], [ -71.1094254, 42.3909629 ], [ -71.1094251, 42.3909628 ], [ -71.1093053, 42.3909085 ], [ -71.1093051, 42.3909084 ], [ -71.109305, 42.3909085 ] ] ] } },
{ "type": "Feature", "properties": { "District": "Small Business", "DistType": "Small Business", "Shape_Leng": 240.25610367199999, "Shape_Area": 3214.9727995399999 }, "geometry": { "type": "Polygon", "coordinates": [ [ [ -71.0994139, 42.3914542 ], [ -71.0993019, 42.3916016 ], [ -71.0994886, 42.3916803 ], [ -71.0995112, 42.3917024 ], [ -71.0995787, 42.3916134 ], [ -71.0995788, 42.3916133 ], [ -71.0994142, 42.3914542 ], [ -71.099414, 42.391454 ], [ -71.0994139, 42.3914542 ] ] ] } },
{ "type": "Feature", "properties": { "District": "Small Business", "DistType": "Small Business", "Shape_Leng": 260.17181194699998, "Shape_Area": 3672.8261842799998 }, "geometry": { "type": "Polygon", "coordinates": [ [ [ -71.0998526, 42.3916498 ], [ -71.0999979, 42.3917906 ], [ -71.0999981, 42.3917908 ], [ -71.0999983, 42.3917906 ], [ -71.1001488, 42.3915756 ], [ -71.1001486, 42.3915754 ], [ -71.1000878, 42.3915164 ], [ -71.0998526, 42.3916498 ] ] ] } },
{ "type": "Feature", "properties": { "District": "Small Business", "DistType": "Small Business", "Shape_Leng": 385.25913239900001, "Shape_Area": 8059.5004077599997 }, "geometry": { "type": "Polygon", "coordinates": [ [ [ -71.111962, 42.3919277 ], [ -71.1120668, 42.3919752 ], [ -71.1122089, 42.3920396 ], [ -71.1123086, 42.3918991 ], [ -71.1123898, 42.3917847 ], [ -71.1122632, 42.3917373 ], [ -71.1122245, 42.3917228 ], [ -71.1122475, 42.3916905 ], [ -71.1121641, 42.3916626 ], [ -71.1120695, 42.3918001 ], [ -71.1120601, 42.3917958 ], [ -71.111962, 42.3919277 ] ] ] } },
{ "type": "Feature", "properties": { "District": "Small Business", "DistType": "Small Business", "Shape_Leng": 370.46354779799998, "Shape_Area": 7912.9902871900003 }, "geometry": { "type": "Polygon", "coordinates": [ [ [ -71.1189646, 42.3919591 ], [ -71.1191161, 42.3920753 ], [ -71.1191163, 42.3920755 ], [ -71.1191165, 42.3920753 ], [ -71.1192604, 42.391907 ], [ -71.1191399, 42.3917832 ], [ -71.1191397, 42.3917831 ], [ -71.1191255, 42.3917685 ], [ -71.1190505, 42.3916943 ], [ -71.1190504, 42.3916941 ], [ -71.1190502, 42.3916943 ], [ -71.1189675, 42.3917689 ], [ -71.1189349, 42.3917985 ], [ -71.1188587, 42.391869 ], [ -71.1188241, 42.3919033 ], [ -71.1189177, 42.3919525 ], [ -71.1189543, 42.3919511 ], [ -71.1189646, 42.3919591 ] ] ] } },
{ "type": "Feature", "properties": { "District": "Small Business", "DistType": "Small Business", "Shape_Leng": 609.34458905700001, "Shape_Area": 21444.427552000001 }, "geometry": { "type": "Polygon", "coordinates": [ [ [ -71.1109686, 42.3916609 ], [ -71.110784, 42.3919307 ], [ -71.1109139, 42.391989 ], [ -71.110917, 42.3919904 ], [ -71.1110754, 42.3920614 ], [ -71.1110991, 42.392072 ], [ -71.1112337, 42.3921324 ], [ -71.1112863, 42.3921526 ], [ -71.1113977, 42.3921975 ], [ -71.111601, 42.3919464 ], [ -71.1116011, 42.3919463 ], [ -71.1115146, 42.3919066 ], [ -71.1114437, 42.3918742 ], [ -71.1114435, 42.3918741 ], [ -71.1112851, 42.3918038 ], [ -71.1112848, 42.3918037 ], [ -71.1111267, 42.3917328 ], [ -71.1111264, 42.3917327 ], [ -71.1111209, 42.3917299 ], [ -71.1109689, 42.3916609 ], [ -71.1109687, 42.3916607 ], [ -71.1109686, 42.3916609 ] ] ] } },
{ "type": "Feature", "properties": { "District": "Small Business", "DistType": "Small Business", "Shape_Leng": 409.48821609800001, "Shape_Area": 10231.158945499999 }, "geometry": { "type": "Polygon", "coordinates": [ [ [ -71.1129004, 42.3921135 ], [ -71.1127692, 42.3922784 ], [ -71.1128941, 42.3923321 ], [ -71.113019, 42.3923858 ], [ -71.1131416, 42.3924386 ], [ -71.1131419, 42.3924387 ], [ -71.1131419, 42.3924386 ], [ -71.1133058, 42.39223 ], [ -71.1133055, 42.3922299 ], [ -71.1131806, 42.3921761 ], [ -71.1130557, 42.3921224 ], [ -71.1129309, 42.3920688 ], [ -71.1129004, 42.3921135 ] ] ] } },
{ "type": "Feature", "properties": { "District": "Small Business", "DistType": "Small Business", "Shape_Leng": 310.93841088, "Shape_Area": 6028.528196 }, "geometry": { "type": "Polygon", "coordinates": [ [ [ -71.1132731, 42.3924952 ], [ -71.1133907, 42.3925457 ], [ -71.1135218, 42.3926025 ], [ -71.1135795, 42.3925176 ], [ -71.1135811, 42.3925153 ], [ -71.1136556, 42.3924056 ], [ -71.1135435, 42.3923575 ], [ -71.1134222, 42.3923055 ], [ -71.1132731, 42.3924952 ] ] ] } },
{ "type": "Feature", "properties": { "District": "Small Business", "DistType": "Small Business", "Shape_Leng": 221.75590654300001, "Shape_Area": 2912.20110153 }, "geometry": { "type": "Polygon", "coordinates": [ [ [ -71.1003575, 42.39237 ], [ -71.1002391, 42.3925403 ], [ -71.100403, 42.3926036 ], [ -71.1004033, 42.3926037 ], [ -71.1004034, 42.3926036 ], [ -71.1004823, 42.3924903 ], [ -71.1003579, 42.39237 ], [ -71.1003577, 42.3923698 ], [ -71.1003575, 42.39237 ] ] ] } },
{ "type": "Feature", "properties": { "District": "Small Business", "DistType": "Small Business", "Shape_Leng": 335.40373077100003, "Shape_Area": 6986.0798936700003 }, "geometry": { "type": "Polygon", "coordinates": [ [ [ -71.1146718, 42.3929166 ], [ -71.1145812, 42.3930579 ], [ -71.1147029, 42.3931103 ], [ -71.1147064, 42.3931118 ], [ -71.1148559, 42.3931762 ], [ -71.1148562, 42.3931763 ], [ -71.1148563, 42.3931762 ], [ -71.114975, 42.3929629 ], [ -71.1149747, 42.3929628 ], [ -71.1148407, 42.3929047 ], [ -71.1147145, 42.39285 ], [ -71.1146718, 42.3929166 ] ] ] } },
{ "type": "Feature", "properties": { "District": "Small Business", "DistType": "Small Business", "Shape_Leng": 669.59523098199998, "Shape_Area": 25085.763116499998 }, "geometry": { "type": "Polygon", "coordinates": [ [ [ -71.1131797, 42.3926432 ], [ -71.1129751, 42.3929233 ], [ -71.1129934, 42.3929307 ], [ -71.1131051, 42.3929758 ], [ -71.1131266, 42.3929846 ], [ -71.1132513, 42.393035 ], [ -71.1132599, 42.3930384 ], [ -71.1133748, 42.3930849 ], [ -71.1133932, 42.3930923 ], [ -71.1135264, 42.3931462 ], [ -71.1136597, 42.3932001 ], [ -71.1136995, 42.3932162 ], [ -71.1136998, 42.3932163 ], [ -71.1136999, 42.3932162 ], [ -71.1138846, 42.3929463 ], [ -71.113558, 42.3928055 ], [ -71.1135578, 42.3928053 ], [ -71.1134363, 42.3927532 ], [ -71.113436, 42.3927531 ], [ -71.1133082, 42.3926982 ], [ -71.1133079, 42.3926981 ], [ -71.1131801, 42.3926432 ], [ -71.1131798, 42.392643 ], [ -71.1131797, 42.3926432 ] ] ] } },
{ "type": "Feature", "properties": { "District": "Small Business", "DistType": "Small Business", "Shape_Leng": 323.12823875300001, "Shape_Area": 6510.2547572599997 }, "geometry": { "type": "Polygon", "coordinates": [ [ [ -71.1144883, 42.3932051 ], [ -71.1143632, 42.3934004 ], [ -71.1144706, 42.3934485 ], [ -71.114613, 42.3935122 ], [ -71.1146133, 42.3935123 ], [ -71.1146133, 42.3935122 ], [ -71.114762, 42.3933225 ], [ -71.1146975, 42.3932948 ], [ -71.1146181, 42.3932607 ], [ -71.1146178, 42.3932606 ], [ -71.1144887, 42.3932051 ], [ -71.1144884, 42.393205 ], [ -71.1144883, 42.3932051 ] ] ] } },
{ "type": "Feature", "properties": { "District": "Small Business", "DistType": "Small Business", "Shape_Leng": 481.74669656399999, "Shape_Area": 12869.919081399999 }, "geometry": { "type": "Polygon", "coordinates": [ [ [ -71.1149221, 42.3933858 ], [ -71.1147735, 42.3935755 ], [ -71.1149489, 42.393652 ], [ -71.1150287, 42.3936868 ], [ -71.1150326, 42.3936885 ], [ -71.1151084, 42.3937216 ], [ -71.115286, 42.3937991 ], [ -71.1152863, 42.3937992 ], [ -71.1152864, 42.3937991 ], [ -71.115436, 42.3936097 ], [ -71.1153803, 42.3935855 ], [ -71.1152575, 42.3935319 ], [ -71.1152572, 42.3935318 ], [ -71.1150979, 42.3934623 ], [ -71.1150977, 42.3934622 ], [ -71.1149224, 42.3933858 ], [ -71.1149222, 42.3933857 ], [ -71.1149221, 42.3933858 ] ] ] } },
{ "type": "Feature", "properties": { "District": "Small Business", "DistType": "Small Business", "Shape_Leng": 1121.0098720200001, "Shape_Area": 37933.458045 }, "geometry": { "type": "Polygon", "coordinates": [ [ [ -71.1150825, 42.393052 ], [ -71.1149887, 42.3932237 ], [ -71.1151406, 42.3932899 ], [ -71.1152778, 42.3933498 ], [ -71.1153164, 42.3933666 ], [ -71.115415, 42.3934096 ], [ -71.1155522, 42.3934694 ], [ -71.115617, 42.3934976 ], [ -71.1156894, 42.3935292 ], [ -71.1158267, 42.393589 ], [ -71.1159639, 42.3936489 ], [ -71.1160964, 42.3937067 ], [ -71.1161011, 42.3937087 ], [ -71.1162383, 42.3937685 ], [ -71.116371, 42.3938263 ], [ -71.1163755, 42.3938283 ], [ -71.1165127, 42.3938882 ], [ -71.1165863, 42.3937814 ], [ -71.116647, 42.3936935 ], [ -71.1165193, 42.3936389 ], [ -71.1163854, 42.3935838 ], [ -71.116383, 42.3935825 ], [ -71.1162643, 42.3935276 ], [ -71.1162479, 42.3935204 ], [ -71.1162439, 42.3935187 ], [ -71.1161363, 42.393472 ], [ -71.1161105, 42.3934609 ], [ -71.1160082, 42.3934165 ], [ -71.1159731, 42.3934013 ], [ -71.1158801, 42.393361 ], [ -71.1158357, 42.3933417 ], [ -71.1157521, 42.3933054 ], [ -71.1156983, 42.3932821 ], [ -71.115624, 42.3932499 ], [ -71.1155609, 42.3932225 ], [ -71.115496, 42.3931944 ], [ -71.1154235, 42.3931629 ], [ -71.1153679, 42.3931389 ], [ -71.1152861, 42.3931034 ], [ -71.1152398, 42.3930833 ], [ -71.115099, 42.3930222 ], [ -71.1150825, 42.393052 ] ] ] } },
{ "type": "Feature", "properties": { "District": "Small Business", "DistType": "Small Business", "Shape_Leng": 556.53429937700002, "Shape_Area": 15127.5108335 }, "geometry": { "type": "Polygon", "coordinates": [ [ [ -71.118688, 42.3933752 ], [ -71.1185519, 42.3935709 ], [ -71.1184926, 42.3936563 ], [ -71.1184334, 42.3937414 ], [ -71.1184984, 42.3937681 ], [ -71.1185693, 42.3937974 ], [ -71.1186278, 42.3938215 ], [ -71.1186893, 42.3938468 ], [ -71.1188188, 42.3939001 ], [ -71.1188411, 42.3939093 ], [ -71.1189424, 42.3937748 ], [ -71.1188008, 42.3937192 ], [ -71.1189657, 42.3934878 ], [ -71.1189658, 42.3934877 ], [ -71.1189305, 42.3934733 ], [ -71.1188298, 42.3934323 ], [ -71.1188295, 42.3934322 ], [ -71.1187424, 42.3933968 ], [ -71.1186884, 42.3933752 ], [ -71.1186881, 42.3933751 ], [ -71.118688, 42.3933752 ] ] ] } },
{ "type": "Feature", "properties": { "District": "Small Business", "DistType": "Small Business", "Shape_Leng": 476.01428232500001, "Shape_Area": 12641.1828229 }, "geometry": { "type": "Polygon", "coordinates": [ [ [ -71.1155699, 42.3936683 ], [ -71.1154203, 42.3938576 ], [ -71.1155958, 42.3939341 ], [ -71.1156756, 42.3939689 ], [ -71.1157554, 42.3940037 ], [ -71.1159243, 42.3940773 ], [ -71.1159246, 42.3940774 ], [ -71.1159247, 42.3940773 ], [ -71.1160741, 42.3938879 ], [ -71.1159053, 42.3938143 ], [ -71.1159051, 42.3938142 ], [ -71.1157458, 42.3937448 ], [ -71.1157455, 42.3937447 ], [ -71.1156158, 42.3936881 ], [ -71.1155703, 42.3936683 ], [ -71.11557, 42.3936682 ], [ -71.1155699, 42.3936683 ] ] ] } },
{ "type": "Feature", "properties": { "District": "Small Business", "DistType": "Small Business", "Shape_Leng": 464.69423296799999, "Shape_Area": 12185.483501500001 }, "geometry": { "type": "Polygon", "coordinates": [ [ [ -71.1162048, 42.3939451 ], [ -71.1160537, 42.3941366 ], [ -71.1162155, 42.394204 ], [ -71.11631, 42.3942466 ], [ -71.116342, 42.3942604 ], [ -71.1165472, 42.3943485 ], [ -71.1165475, 42.3943486 ], [ -71.1165476, 42.3943485 ], [ -71.1166825, 42.3941532 ], [ -71.1166712, 42.3941482 ], [ -71.1164923, 42.3940703 ], [ -71.1164921, 42.3940702 ], [ -71.1163647, 42.3940146 ], [ -71.1163645, 42.3940145 ], [ -71.1162052, 42.3939451 ], [ -71.1162049, 42.393945 ], [ -71.1162048, 42.3939451 ] ] ] } },
{ "type": "Feature", "properties": { "District": "Small Business", "DistType": "Small Business", "Shape_Leng": 1002.91179099, "Shape_Area": 45377.088700499997 }, "geometry": { "type": "Polygon", "coordinates": [ [ [ -71.1211546, 42.393705 ], [ -71.1209972, 42.393812 ], [ -71.1210803, 42.393949 ], [ -71.1211049, 42.3939898 ], [ -71.1214973, 42.3946049 ], [ -71.1215322, 42.3946566 ], [ -71.1215323, 42.3946568 ], [ -71.1215325, 42.3946566 ], [ -71.1215879, 42.3946162 ], [ -71.1219216, 42.394385 ], [ -71.1219354, 42.3943754 ], [ -71.1219352, 42.3943753 ], [ -71.1218068, 42.3942709 ], [ -71.1218756, 42.3942234 ], [ -71.1217933, 42.3941565 ], [ -71.1216985, 42.3940794 ], [ -71.1216037, 42.3940024 ], [ -71.1215401, 42.3939507 ], [ -71.1216648, 42.3938663 ], [ -71.1216323, 42.3938399 ], [ -71.1214736, 42.3937114 ], [ -71.1213237, 42.3935899 ], [ -71.1211546, 42.393705 ] ] ] } },
{ "type": "Feature", "properties": { "District": "Small Business", "DistType": "Small Business", "Shape_Leng": 1058.00684409, "Shape_Area": 32720.3109515 }, "geometry": { "type": "Polygon", "coordinates": [ [ [ -71.1174908, 42.3943114 ], [ -71.1176211, 42.3943678 ], [ -71.1176218, 42.3943682 ], [ -71.1177577, 42.394427 ], [ -71.1178776, 42.3944789 ], [ -71.1179975, 42.3945308 ], [ -71.1181174, 42.3945826 ], [ -71.1182373, 42.3946345 ], [ -71.1184214, 42.3947142 ], [ -71.1185988, 42.394791 ], [ -71.1186095, 42.3947933 ], [ -71.1186098, 42.3947934 ], [ -71.1186099, 42.3947933 ], [ -71.118724, 42.3946292 ], [ -71.1187237, 42.3946291 ], [ -71.1185353, 42.3945487 ], [ -71.1183529, 42.3944716 ], [ -71.1184038, 42.3943958 ], [ -71.1182889, 42.3943493 ], [ -71.1181606, 42.3942968 ], [ -71.118039, 42.3942472 ], [ -71.1179174, 42.3941977 ], [ -71.1178677, 42.3942691 ], [ -71.1177352, 42.3942142 ], [ -71.1177345, 42.3942138 ], [ -71.1177127, 42.3942046 ], [ -71.1176034, 42.3941584 ], [ -71.1174855, 42.3941102 ], [ -71.117498, 42.3940884 ], [ -71.1173701, 42.3940331 ], [ -71.1173148, 42.3941082 ], [ -71.1172439, 42.3942046 ], [ -71.1173718, 42.3942599 ], [ -71.1173737, 42.3942608 ], [ -71.1174908, 42.3943114 ] ] ] } },
{ "type": "Feature", "properties": { "District": "Small Business", "DistType": "Small Business", "Shape_Leng": 621.09255430999997, "Shape_Area": 16255.408095500001 }, "geometry": { "type": "Polygon", "coordinates": [ [ [ -71.1172749, 42.3946567 ], [ -71.1172343, 42.3947122 ], [ -71.1173366, 42.3947565 ], [ -71.1173596, 42.3947664 ], [ -71.1173621, 42.3947675 ], [ -71.1174898, 42.3948227 ], [ -71.11749, 42.3948229 ], [ -71.1174901, 42.3948227 ], [ -71.1176666, 42.3945817 ], [ -71.117539, 42.3945265 ], [ -71.1175387, 42.3945264 ], [ -71.117412, 42.3944694 ], [ -71.1174117, 42.3944693 ], [ -71.1172847, 42.3944147 ], [ -71.1172844, 42.3944146 ], [ -71.1171818, 42.3943719 ], [ -71.1171815, 42.3943717 ], [ -71.1170731, 42.3943248 ], [ -71.1170728, 42.3943247 ], [ -71.1170728, 42.3943248 ], [ -71.1170054, 42.3944147 ], [ -71.1169443, 42.394494 ], [ -71.1170454, 42.3945326 ], [ -71.1170573, 42.3945375 ], [ -71.1171103, 42.3945591 ], [ -71.1171624, 42.3945803 ], [ -71.1171064, 42.3946568 ], [ -71.1171831, 42.39469 ], [ -71.1172237, 42.3946345 ], [ -71.1172749, 42.3946567 ] ] ] } },
{ "type": "Feature", "properties": { "District": "Small Business", "DistType": "Small Business", "Shape_Leng": 753.08131335799999, "Shape_Area": 27812.882885399998 }, "geometry": { "type": "Polygon", "coordinates": [ [ [ -71.1211202, 42.394893 ], [ -71.1211204, 42.3948931 ], [ -71.1211206, 42.394893 ], [ -71.1212385, 42.3947757 ], [ -71.1212386, 42.3947756 ], [ -71.1212388, 42.3947757 ], [ -71.1212472, 42.3947805 ], [ -71.1212474, 42.3947806 ], [ -71.1212476, 42.3947805 ], [ -71.1213174, 42.3947134 ], [ -71.1213117, 42.3947043 ], [ -71.1212758, 42.3946517 ], [ -71.1212312, 42.3945803 ], [ -71.1210989, 42.3944725 ], [ -71.1210987, 42.3944724 ], [ -71.1209965, 42.3943893 ], [ -71.1209711, 42.3943706 ], [ -71.120971, 42.3943705 ], [ -71.1209709, 42.3943705 ], [ -71.1208588, 42.394303 ], [ -71.1208586, 42.3943029 ], [ -71.1206306, 42.394163 ], [ -71.1206304, 42.3941629 ], [ -71.1206303, 42.394163 ], [ -71.1204652, 42.3943172 ], [ -71.1203962, 42.3943817 ], [ -71.1206318, 42.3945184 ], [ -71.1207488, 42.3945863 ], [ -71.120708, 42.3946259 ], [ -71.1208467, 42.3947143 ], [ -71.1211202, 42.394893 ] ] ] } },
{ "type": "Feature", "properties": { "District": "Small Business", "DistType": "Small Business", "Shape_Leng": 308.02950219799999, "Shape_Area": 5928.7520719100003 }, "geometry": { "type": "Polygon", "coordinates": [ [ [ -71.118711, 42.3948424 ], [ -71.1188294, 42.394894 ], [ -71.1188312, 42.3948948 ], [ -71.1189317, 42.3949386 ], [ -71.1189665, 42.3949535 ], [ -71.1190941, 42.3947688 ], [ -71.119044, 42.3947487 ], [ -71.1189639, 42.3947165 ], [ -71.1188329, 42.3946653 ], [ -71.118711, 42.3948424 ] ] ] } },
{ "type": "Feature", "properties": { "District": "Small Business", "DistType": "Small Business", "Shape_Leng": 356.14720136099999, "Shape_Area": 7075.7663884200001 }, "geometry": { "type": "Polygon", "coordinates": [ [ [ -71.1026743, 42.3947083 ], [ -71.1025633, 42.3948647 ], [ -71.1027136, 42.3950607 ], [ -71.1027138, 42.3950609 ], [ -71.1027139, 42.3950607 ], [ -71.1029058, 42.3947886 ], [ -71.1029273, 42.3947584 ], [ -71.102927, 42.3947583 ], [ -71.1027021, 42.3946692 ], [ -71.1026743, 42.3947083 ] ] ] } },
{ "type": "Feature", "properties": { "District": "Small Business", "DistType": "Small Business", "Shape_Leng": 755.61071613299998, "Shape_Area": 34414.9399548 }, "geometry": { "type": "Polygon", "coordinates": [ [ [ -71.1218203, 42.3945486 ], [ -71.1215685, 42.394721 ], [ -71.1216718, 42.3948628 ], [ -71.121769, 42.3949958 ], [ -71.1219272, 42.3952226 ], [ -71.1219273, 42.3952228 ], [ -71.1219276, 42.3952226 ], [ -71.1222667, 42.3949894 ], [ -71.1222669, 42.3949892 ], [ -71.1224263, 42.3948806 ], [ -71.122466, 42.394854 ], [ -71.1224658, 42.3948539 ], [ -71.1222282, 42.3946622 ], [ -71.1222268, 42.394661 ], [ -71.1222189, 42.3946547 ], [ -71.1221079, 42.3945644 ], [ -71.1221135, 42.3945599 ], [ -71.1219712, 42.3944447 ], [ -71.1218203, 42.3945486 ] ] ] } },
{ "type": "Feature", "properties": { "District": "Small Business", "DistType": "Small Business", "Shape_Leng": 248.056294751, "Shape_Area": 3283.5215867699999 }, "geometry": { "type": "Polygon", "coordinates": [ [ [ -71.1024467, 42.39502 ], [ -71.102383, 42.3951168 ], [ -71.1023376, 42.3951858 ], [ -71.1023313, 42.3951954 ], [ -71.1025609, 42.3952779 ], [ -71.1025612, 42.395278 ], [ -71.1025612, 42.3952779 ], [ -71.1026013, 42.3952186 ], [ -71.1025303, 42.3951296 ], [ -71.102447, 42.39502 ], [ -71.1024468, 42.3950198 ], [ -71.1024467, 42.39502 ] ] ] } },
{ "type": "Feature", "properties": { "District": "Small Business", "DistType": "Small Business", "Shape_Leng": 489.114109445, "Shape_Area": 12746.8346138 }, "geometry": { "type": "Polygon", "coordinates": [ [ [ -71.1195272, 42.3951948 ], [ -71.1196639, 42.3952537 ], [ -71.119776, 42.3953019 ], [ -71.119888, 42.3953501 ], [ -71.1200001, 42.3953984 ], [ -71.1201695, 42.3951696 ], [ -71.1200746, 42.3951146 ], [ -71.1200661, 42.3951097 ], [ -71.1199813, 42.3950605 ], [ -71.1199198, 42.3951189 ], [ -71.119914, 42.3951155 ], [ -71.1198138, 42.3950562 ], [ -71.1198116, 42.3950549 ], [ -71.1197259, 42.3950042 ], [ -71.1197211, 42.3950087 ], [ -71.1195272, 42.3951948 ] ] ] } },
{ "type": "Feature", "properties": { "District": "Small Business", "DistType": "Small Business", "Shape_Leng": 224.65144247000001, "Shape_Area": 2712.4314702699999 }, "geometry": { "type": "Polygon", "coordinates": [ [ [ -71.1158473, 42.3956702 ], [ -71.1158455, 42.3956759 ], [ -71.116097, 42.3957754 ], [ -71.1161542, 42.3956924 ], [ -71.1159046, 42.3955871 ], [ -71.1158473, 42.3956702 ] ] ] } },
{ "type": "Feature", "properties": { "District": "Small Business", "DistType": "Small Business", "Shape_Leng": 902.838513283, "Shape_Area": 39334.669421699997 }, "geometry": { "type": "Polygon", "coordinates": [ [ [ -71.1194769, 42.3953651 ], [ -71.1193615, 42.3955341 ], [ -71.1193196, 42.3955955 ], [ -71.1193062, 42.3956133 ], [ -71.1195127, 42.3956933 ], [ -71.1196727, 42.3957626 ], [ -71.1196262, 42.3958288 ], [ -71.1196261, 42.3958289 ], [ -71.119529, 42.3959674 ], [ -71.1199423, 42.3960675 ], [ -71.120155, 42.3961189 ], [ -71.1201553, 42.396119 ], [ -71.1201553, 42.3961189 ], [ -71.1202575, 42.3959467 ], [ -71.1203743, 42.3957557 ], [ -71.1201836, 42.3956706 ], [ -71.1201833, 42.3956705 ], [ -71.1198412, 42.395523 ], [ -71.1198409, 42.3955229 ], [ -71.1196937, 42.3954594 ], [ -71.119681, 42.3954543 ], [ -71.1196808, 42.3954542 ], [ -71.1194772, 42.3953651 ], [ -71.119477, 42.3953649 ], [ -71.1194769, 42.3953651 ] ] ] } },
{ "type": "Feature", "properties": { "District": "Small Business", "DistType": "Small Business", "Shape_Leng": 1024.0192948199999, "Shape_Area": 57945.872023399999 }, "geometry": { "type": "Polygon", "coordinates": [ [ [ -71.122475, 42.3950025 ], [ -71.1223554, 42.395084 ], [ -71.122248, 42.3951579 ], [ -71.1222427, 42.3951611 ], [ -71.1220001, 42.395328 ], [ -71.1220406, 42.3953941 ], [ -71.1221148, 42.3955207 ], [ -71.122259, 42.3957666 ], [ -71.1222612, 42.3957703 ], [ -71.1222879, 42.3958159 ], [ -71.1223287, 42.3958878 ], [ -71.1224733, 42.3961428 ], [ -71.1224734, 42.396143 ], [ -71.1224736, 42.3961428 ], [ -71.1226859, 42.3960292 ], [ -71.1226862, 42.396029 ], [ -71.1230318, 42.395827 ], [ -71.1229156, 42.3956582 ], [ -71.1229155, 42.3956581 ], [ -71.1228571, 42.3955725 ], [ -71.122857, 42.3955724 ], [ -71.1227987, 42.3954843 ], [ -71.1227987, 42.3954843 ], [ -71.1227411, 42.3953948 ], [ -71.122741, 42.3953947 ], [ -71.1226839, 42.3953108 ], [ -71.1226838, 42.3953107 ], [ -71.1226219, 42.3952172 ], [ -71.1226218, 42.3952171 ], [ -71.1225081, 42.3950453 ], [ -71.1224753, 42.3950025 ], [ -71.1224752, 42.3950024 ], [ -71.122475, 42.3950025 ] ] ] } },
{ "type": "Feature", "properties": { "District": "Small Business", "DistType": "Small Business", "Shape_Leng": 1724.6413518300001, "Shape_Area": 105261.944382 }, "geometry": { "type": "Polygon", "coordinates": [ [ [ -71.1205826, 42.3956529 ], [ -71.1207238, 42.3957131 ], [ -71.1208816, 42.3957839 ], [ -71.1210343, 42.3958454 ], [ -71.1211691, 42.3959028 ], [ -71.1213716, 42.3959899 ], [ -71.1215199, 42.3960523 ], [ -71.1217292, 42.3961441 ], [ -71.1219278, 42.3962311 ], [ -71.1219323, 42.3962328 ], [ -71.121937, 42.3962344 ], [ -71.1219417, 42.3962359 ], [ -71.1219465, 42.3962373 ], [ -71.1219514, 42.3962386 ], [ -71.1219563, 42.3962397 ], [ -71.1219613, 42.3962407 ], [ -71.1219663, 42.3962415 ], [ -71.1219714, 42.3962423 ], [ -71.1219765, 42.3962429 ], [ -71.1219816, 42.3962433 ], [ -71.1219867, 42.3962437 ], [ -71.121987, 42.3962437 ], [ -71.1219915, 42.3962439 ], [ -71.1219919, 42.3962439 ], [ -71.1219922, 42.3962439 ], [ -71.1219967, 42.396244 ], [ -71.121997, 42.396244 ], [ -71.1219973, 42.396244 ], [ -71.1220018, 42.3962439 ], [ -71.1220021, 42.3962439 ], [ -71.1220025, 42.3962439 ], [ -71.122007, 42.3962438 ], [ -71.1220073, 42.3962438 ], [ -71.1220124, 42.3962434 ], [ -71.1220175, 42.396243 ], [ -71.1220226, 42.3962424 ], [ -71.1220277, 42.3962417 ], [ -71.1220328, 42.3962412 ], [ -71.1220381, 42.3962407 ], [ -71.1220425, 42.3962396 ], [ -71.1220477, 42.396238 ], [ -71.1220523, 42.3962362 ], [ -71.1220571, 42.3962347 ], [ -71.1220617, 42.3962331 ], [ -71.1220663, 42.3962314 ], [ -71.1220709, 42.3962296 ], [ -71.1220753, 42.3962276 ], [ -71.1220796, 42.3962256 ], [ -71.1220839, 42.3962234 ], [ -71.122088, 42.3962211 ], [ -71.122092, 42.3962187 ], [ -71.1220959, 42.3962162 ], [ -71.1220997, 42.3962137 ], [ -71.1221034, 42.396211 ], [ -71.1221069, 42.3962082 ], [ -71.1221103, 42.3962053 ], [ -71.1221136, 42.3962024 ], [ -71.1221167, 42.3961993 ], [ -71.1221197, 42.3961962 ], [ -71.1221225, 42.396193 ], [ -71.1221252, 42.3961898 ], [ -71.1221278, 42.3961865 ], [ -71.1221301, 42.3961831 ], [ -71.1221324, 42.3961796 ], [ -71.1221344, 42.3961761 ], [ -71.1221363, 42.3961726 ], [ -71.122138, 42.396169 ], [ -71.1221396, 42.3961653 ], [ -71.1221409, 42.3961617 ], [ -71.1221421, 42.396158 ], [ -71.1221431, 42.3961542 ], [ -71.122144, 42.3961504 ], [ -71.1221447, 42.3961467 ], [ -71.1221452, 42.3961428 ], [ -71.1221455, 42.396139 ], [ -71.1221456, 42.3961352 ], [ -71.1221456, 42.3961314 ], [ -71.1221454, 42.3961276 ], [ -71.122145, 42.3961238 ], [ -71.1221444, 42.39612 ], [ -71.1221437, 42.3961162 ], [ -71.1221427, 42.3961125 ], [ -71.1221416, 42.3961087 ], [ -71.1221288, 42.3960429 ], [ -71.1221193, 42.3959941 ], [ -71.1220978, 42.3959209 ], [ -71.1220594, 42.395827 ], [ -71.1220593, 42.3958269 ], [ -71.1219537, 42.3956546 ], [ -71.1219537, 42.3956545 ], [ -71.1218292, 42.3954524 ], [ -71.1218291, 42.3954523 ], [ -71.1218068, 42.395416 ], [ -71.1217316, 42.3952932 ], [ -71.1217227, 42.3952803 ], [ -71.1217226, 42.3952802 ], [ -71.1216379, 42.3951584 ], [ -71.1216378, 42.3951583 ], [ -71.121575, 42.395068 ], [ -71.1214786, 42.3949358 ], [ -71.1213938, 42.3948196 ], [ -71.1213936, 42.3948194 ], [ -71.1213934, 42.3948196 ], [ -71.1212487, 42.3949519 ], [ -71.1211565, 42.3950383 ], [ -71.1211327, 42.3950608 ], [ -71.1210186, 42.3951688 ], [ -71.1209017, 42.3952795 ], [ -71.1211456, 42.3954319 ], [ -71.1211302, 42.3954943 ], [ -71.1210124, 42.3956299 ], [ -71.1210123, 42.39563 ], [ -71.1210121, 42.3956299 ], [ -71.1209845, 42.3956142 ], [ -71.1209846, 42.3956141 ], [ -71.1211008, 42.3954774 ], [ -71.1211115, 42.3954387 ], [ -71.1208816, 42.3952988 ], [ -71.1208814, 42.3952987 ], [ -71.1208813, 42.3952988 ], [ -71.1208632, 42.3953159 ], [ -71.1206999, 42.3954721 ], [ -71.1206874, 42.395491 ], [ -71.1206867, 42.3954921 ], [ -71.1206228, 42.3955894 ], [ -71.1205826, 42.3956529 ] ] ] } },
{ "type": "Feature", "properties": { "District": "Small Business", "DistType": "Small Business", "Shape_Leng": 487.86188822899999, "Shape_Area": 14275.9654149 }, "geometry": { "type": "Polygon", "coordinates": [ [ [ -71.1227675, 42.3961102 ], [ -71.1225334, 42.3962464 ], [ -71.1226458, 42.3964399 ], [ -71.1226459, 42.39644 ], [ -71.1226462, 42.3964399 ], [ -71.1229419, 42.3963943 ], [ -71.1229422, 42.3963943 ], [ -71.1231177, 42.3963674 ], [ -71.1231304, 42.3963655 ], [ -71.1231304, 42.3963654 ], [ -71.1229366, 42.3960122 ], [ -71.1227675, 42.3961102 ] ] ] } },
{ "type": "Feature", "properties": { "District": "Small Business", "DistType": "Small Business", "Shape_Leng": 1245.42852601, "Shape_Area": 58684.645111099999 }, "geometry": { "type": "Polygon", "coordinates": [ [ [ -71.1205039, 42.3958093 ], [ -71.1204119, 42.3959601 ], [ -71.1203929, 42.3959912 ], [ -71.1203756, 42.3960202 ], [ -71.1202966, 42.3961521 ], [ -71.1202839, 42.3961735 ], [ -71.1202495, 42.3962309 ], [ -71.1204209, 42.3962724 ], [ -71.1205905, 42.3963138 ], [ -71.1207838, 42.396361 ], [ -71.1209132, 42.3963927 ], [ -71.1210662, 42.39643 ], [ -71.1214431, 42.3965221 ], [ -71.122049, 42.3966703 ], [ -71.1220493, 42.3966704 ], [ -71.1220493, 42.3966703 ], [ -71.122078, 42.3965887 ], [ -71.122078, 42.3965887 ], [ -71.1221089, 42.3965016 ], [ -71.1218236, 42.3963764 ], [ -71.1218233, 42.3963763 ], [ -71.1216159, 42.3962848 ], [ -71.1216077, 42.3962808 ], [ -71.1216075, 42.3962807 ], [ -71.1216004, 42.3962779 ], [ -71.1215058, 42.396237 ], [ -71.1215056, 42.3962369 ], [ -71.121408, 42.3961945 ], [ -71.1212645, 42.396133 ], [ -71.1212643, 42.3961328 ], [ -71.1211531, 42.3960852 ], [ -71.1211529, 42.3960851 ], [ -71.121035, 42.3960341 ], [ -71.1210348, 42.396034 ], [ -71.1208584, 42.3959589 ], [ -71.1208582, 42.3959588 ], [ -71.1207184, 42.3958989 ], [ -71.1207182, 42.3958988 ], [ -71.1205042, 42.3958093 ], [ -71.120504, 42.3958092 ], [ -71.1205039, 42.3958093 ] ] ] } },
{ "type": "Feature", "properties": { "District": "Small Business", "DistType": "Small Business", "Shape_Leng": 476.12919433500002, "Shape_Area": 14174.7633757 }, "geometry": { "type": "Polygon", "coordinates": [ [ [ -71.1232047, 42.3964679 ], [ -71.1226868, 42.3965502 ], [ -71.1228821, 42.3967871 ], [ -71.1230426, 42.396823 ], [ -71.1233192, 42.396749 ], [ -71.1233195, 42.396749 ], [ -71.123205, 42.3964679 ], [ -71.123205, 42.3964679 ], [ -71.1232047, 42.3964679 ] ] ] } },
{ "type": "Feature", "properties": { "District": "Small Business", "DistType": "Small Business", "Shape_Leng": 744.54640770799995, "Shape_Area": 32892.006270799997 }, "geometry": { "type": "Polygon", "coordinates": [ [ [ -71.121481, 42.3966882 ], [ -71.121404, 42.3968118 ], [ -71.1213802, 42.3968501 ], [ -71.1213801, 42.3968501 ], [ -71.1213136, 42.396957 ], [ -71.1213095, 42.3969637 ], [ -71.1211585, 42.3972062 ], [ -71.1211623, 42.3972077 ], [ -71.1216286, 42.397392 ], [ -71.1216289, 42.3973921 ], [ -71.121629, 42.397392 ], [ -71.1216429, 42.3973718 ], [ -71.1217419, 42.3972096 ], [ -71.1217486, 42.3971992 ], [ -71.1218221, 42.3970875 ], [ -71.1218222, 42.3970874 ], [ -71.1219197, 42.3969172 ], [ -71.1219287, 42.3968995 ], [ -71.1219288, 42.3968994 ], [ -71.1219754, 42.396812 ], [ -71.1219755, 42.3968119 ], [ -71.1219888, 42.396787 ], [ -71.1219888, 42.3967869 ], [ -71.1219956, 42.3967742 ], [ -71.1219953, 42.3967742 ], [ -71.1214887, 42.3966757 ], [ -71.121481, 42.3966882 ] ] ] } },
{ "type": "Feature", "properties": { "District": "Small Business", "DistType": "Small Business", "Shape_Leng": 840.98027815399996, "Shape_Area": 26818.420168299999 }, "geometry": { "type": "Polygon", "coordinates": [ [ [ -71.1221812, 42.396872 ], [ -71.1220903, 42.3970285 ], [ -71.1222001, 42.3970801 ], [ -71.1224879, 42.397212 ], [ -71.1225004, 42.3972178 ], [ -71.1226609, 42.3972914 ], [ -71.1226684, 42.3972948 ], [ -71.1227752, 42.397347 ], [ -71.1230069, 42.3974587 ], [ -71.1231971, 42.3975507 ], [ -71.1231975, 42.3975508 ], [ -71.1231978, 42.397551 ], [ -71.1231982, 42.3975512 ], [ -71.1231986, 42.3975513 ], [ -71.1231989, 42.3975515 ], [ -71.1231993, 42.3975516 ], [ -71.1231997, 42.3975518 ], [ -71.1232001, 42.397552 ], [ -71.1232005, 42.3975521 ], [ -71.1232009, 42.3975522 ], [ -71.1232012, 42.3975523 ], [ -71.1232016, 42.3975524 ], [ -71.123202, 42.3975526 ], [ -71.1232025, 42.3975527 ], [ -71.1232029, 42.3975528 ], [ -71.1232033, 42.3975529 ], [ -71.1232037, 42.397553 ], [ -71.1232041, 42.3975531 ], [ -71.1232045, 42.3975532 ], [ -71.1232049, 42.3975533 ], [ -71.1232053, 42.3975533 ], [ -71.1232057, 42.3975534 ], [ -71.1232062, 42.3975535 ], [ -71.1232066, 42.3975535 ], [ -71.123207, 42.3975536 ], [ -71.1232074, 42.3975536 ], [ -71.1232079, 42.3975536 ], [ -71.1232083, 42.3975537 ], [ -71.1232087, 42.3975537 ], [ -71.1232091, 42.3975537 ], [ -71.1232096, 42.3975538 ], [ -71.1232097, 42.3975538 ], [ -71.1232099, 42.3975538 ], [ -71.12321, 42.3975538 ], [ -71.1232101, 42.3975538 ], [ -71.1232103, 42.3975538 ], [ -71.1232104, 42.3975538 ], [ -71.1232106, 42.3975538 ], [ -71.1232108, 42.3975538 ], [ -71.1232109, 42.3975538 ], [ -71.123211, 42.3975538 ], [ -71.1232112, 42.3975538 ], [ -71.1232113, 42.3975538 ], [ -71.1232114, 42.3975538 ], [ -71.1232116, 42.3975538 ], [ -71.1232117, 42.3975538 ], [ -71.1232121, 42.3975537 ], [ -71.1232126, 42.3975537 ], [ -71.123213, 42.3975537 ], [ -71.1232134, 42.3975537 ], [ -71.1232139, 42.3975536 ], [ -71.1232143, 42.3975536 ], [ -71.1232147, 42.3975535 ], [ -71.1232151, 42.3975535 ], [ -71.1232156, 42.3975534 ], [ -71.123216, 42.3975534 ], [ -71.1232164, 42.3975533 ], [ -71.1232168, 42.3975532 ], [ -71.1232173, 42.3975532 ], [ -71.1232177, 42.3975531 ], [ -71.1232181, 42.397553 ], [ -71.1232185, 42.3975529 ], [ -71.1232189, 42.3975528 ], [ -71.1232193, 42.3975527 ], [ -71.1232197, 42.3975526 ], [ -71.1232201, 42.3975524 ], [ -71.1232205, 42.3975523 ], [ -71.1232209, 42.3975522 ], [ -71.1232213, 42.397552 ], [ -71.1232217, 42.3975519 ], [ -71.123222, 42.3975518 ], [ -71.1232224, 42.3975516 ], [ -71.1232228, 42.3975515 ], [ -71.1232232, 42.3975513 ], [ -71.1232236, 42.3975511 ], [ -71.1232239, 42.397551 ], [ -71.1232243, 42.3975508 ], [ -71.1232246, 42.3975506 ], [ -71.123225, 42.3975505 ], [ -71.1232253, 42.3975503 ], [ -71.1232257, 42.3975501 ], [ -71.123226, 42.3975499 ], [ -71.1232263, 42.3975497 ], [ -71.1232267, 42.3975495 ], [ -71.123227, 42.3975493 ], [ -71.1232274, 42.3975491 ], [ -71.1232277, 42.3975489 ], [ -71.123228, 42.3975486 ], [ -71.1232283, 42.3975484 ], [ -71.1232286, 42.3975482 ], [ -71.1232289, 42.397548 ], [ -71.1232292, 42.3975477 ], [ -71.1232294, 42.3975475 ], [ -71.1232297, 42.3975472 ], [ -71.12323, 42.397547 ], [ -71.1232303, 42.3975467 ], [ -71.1232305, 42.3975465 ], [ -71.1232308, 42.3975462 ], [ -71.123231, 42.397546 ], [ -71.1232313, 42.3975457 ], [ -71.1232315, 42.3975454 ], [ -71.1232317, 42.3975452 ], [ -71.123232, 42.3975449 ], [ -71.1232322, 42.3975446 ], [ -71.1232324, 42.3975443 ], [ -71.1232326, 42.3975441 ], [ -71.1232328, 42.3975438 ], [ -71.123233, 42.3975435 ], [ -71.1232332, 42.3975432 ], [ -71.1232333, 42.3975429 ], [ -71.1232335, 42.3975426 ], [ -71.1232337, 42.3975423 ], [ -71.1232338, 42.397542 ], [ -71.123234, 42.3975417 ], [ -71.1232341, 42.3975414 ], [ -71.1232342, 42.3975411 ], [ -71.1232344, 42.3975408 ], [ -71.1232345, 42.3975405 ], [ -71.1232346, 42.3975402 ], [ -71.1232347, 42.3975399 ], [ -71.1232349, 42.3975396 ], [ -71.1232349, 42.3975393 ], [ -71.123235, 42.397539 ], [ -71.1232351, 42.3975386 ], [ -71.1232352, 42.3975383 ], [ -71.1232352, 42.397538 ], [ -71.1232353, 42.3975377 ], [ -71.1232353, 42.3975374 ], [ -71.1232353, 42.3975371 ], [ -71.1232354, 42.3975368 ], [ -71.1232354, 42.3975365 ], [ -71.1232354, 42.3975361 ], [ -71.1232355, 42.3975358 ], [ -71.1232355, 42.3975355 ], [ -71.1232354, 42.3975352 ], [ -71.1232354, 42.3975349 ], [ -71.1232354, 42.3975345 ], [ -71.1232354, 42.3975342 ], [ -71.1232354, 42.3975339 ], [ -71.1232353, 42.3975336 ], [ -71.1232353, 42.3975333 ], [ -71.1232352, 42.3975329 ], [ -71.1232352, 42.3975326 ], [ -71.1232351, 42.3975323 ], [ -71.123235, 42.397532 ], [ -71.1232349, 42.3975317 ], [ -71.1232348, 42.3975314 ], [ -71.1232347, 42.3975311 ], [ -71.1232346, 42.3975308 ], [ -71.1232345, 42.3975305 ], [ -71.1232344, 42.3975302 ], [ -71.1232342, 42.3975299 ], [ -71.1232341, 42.3975296 ], [ -71.1232339, 42.3975293 ], [ -71.1232338, 42.397529 ], [ -71.1232337, 42.3975287 ], [ -71.1232335, 42.3975284 ], [ -71.1232333, 42.3975281 ], [ -71.1232331, 42.3975278 ], [ -71.1232329, 42.3975275 ], [ -71.1232327, 42.3975272 ], [ -71.1232324, 42.3975267 ], [ -71.1231177, 42.3973905 ], [ -71.1231176, 42.3973904 ], [ -71.1230064, 42.3972582 ], [ -71.1230063, 42.3972581 ], [ -71.122953, 42.3971947 ], [ -71.122809, 42.3970236 ], [ -71.1228089, 42.3970235 ], [ -71.1227937, 42.3970047 ], [ -71.1227936, 42.3970045 ], [ -71.1227931, 42.3970044 ], [ -71.1225289, 42.3969313 ], [ -71.1225013, 42.3969257 ], [ -71.1221976, 42.3968438 ], [ -71.1221812, 42.396872 ] ] ] } },
{ "type": "Feature", "properties": { "District": "Small Business", "DistType": "Small Business", "Shape_Leng": 1271.20666422, "Shape_Area": 44827.596314900002 }, "geometry": { "type": "Polygon", "coordinates": [ [ [ -71.1233075, 42.3979204 ], [ -71.1234599, 42.3979924 ], [ -71.1234601, 42.3979925 ], [ -71.1234602, 42.3979924 ], [ -71.1235286, 42.3979097 ], [ -71.1234475, 42.397805 ], [ -71.1234474, 42.3978048 ], [ -71.123389, 42.397728 ], [ -71.1233889, 42.3977278 ], [ -71.1231733, 42.3976298 ], [ -71.123173, 42.3976297 ], [ -71.1230694, 42.3975826 ], [ -71.1230692, 42.3975825 ], [ -71.1229684, 42.3975366 ], [ -71.1229682, 42.3975365 ], [ -71.1228643, 42.3974893 ], [ -71.122864, 42.3974892 ], [ -71.1227633, 42.3974434 ], [ -71.1227631, 42.3974433 ], [ -71.122656, 42.3973946 ], [ -71.1226557, 42.3973945 ], [ -71.1225581, 42.3973501 ], [ -71.1225579, 42.39735 ], [ -71.122353, 42.3972569 ], [ -71.1223527, 42.3972568 ], [ -71.1222911, 42.3972287 ], [ -71.1222514, 42.3972113 ], [ -71.122215, 42.3971939 ], [ -71.1222147, 42.3971938 ], [ -71.1221854, 42.3971816 ], [ -71.1220518, 42.3971215 ], [ -71.1220517, 42.3971215 ], [ -71.1220514, 42.3971215 ], [ -71.1220353, 42.3971252 ], [ -71.1219857, 42.3972104 ], [ -71.1219294, 42.3973037 ], [ -71.1219283, 42.3973067 ], [ -71.1218574, 42.3974334 ], [ -71.1218398, 42.3974628 ], [ -71.12179, 42.3975463 ], [ -71.1219315, 42.3976114 ], [ -71.122073, 42.3976765 ], [ -71.1222695, 42.3974628 ], [ -71.1223817, 42.3975142 ], [ -71.1224142, 42.397529 ], [ -71.1225057, 42.3975709 ], [ -71.1225119, 42.3975738 ], [ -71.122619, 42.3976228 ], [ -71.1226587, 42.3976409 ], [ -71.1227198, 42.3976689 ], [ -71.1228162, 42.3977131 ], [ -71.1228207, 42.3977151 ], [ -71.1228237, 42.3977165 ], [ -71.1229245, 42.3977627 ], [ -71.1229737, 42.3977852 ], [ -71.1230282, 42.3978101 ], [ -71.1231983, 42.397888 ], [ -71.123213, 42.3978756 ], [ -71.1233075, 42.3979204 ] ] ] } },
{ "type": "Feature", "properties": { "District": "Small Business", "DistType": "Small Business", "Shape_Leng": 1172.8491196, "Shape_Area": 65820.29839 }, "geometry": { "type": "Polygon", "coordinates": [ [ [ -71.1237085, 42.3978109 ], [ -71.1237572, 42.3978719 ], [ -71.12379, 42.3979131 ], [ -71.1238083, 42.397936 ], [ -71.1238243, 42.3979561 ], [ -71.1238622, 42.3980036 ], [ -71.1238844, 42.3980315 ], [ -71.1239345, 42.3980943 ], [ -71.123943, 42.3981036 ], [ -71.1239432, 42.3981038 ], [ -71.1239434, 42.3981036 ], [ -71.1241536, 42.3979379 ], [ -71.1241538, 42.3979378 ], [ -71.1245746, 42.397606 ], [ -71.1245833, 42.3975987 ], [ -71.1245906, 42.3975918 ], [ -71.1246033, 42.3975769 ], [ -71.1246134, 42.3975609 ], [ -71.1246206, 42.3975441 ], [ -71.124625, 42.3975267 ], [ -71.124626, 42.397518 ], [ -71.1246263, 42.3975092 ], [ -71.1246259, 42.3975003 ], [ -71.1246247, 42.3974916 ], [ -71.1246227, 42.3974829 ], [ -71.1246199, 42.397474 ], [ -71.1246052, 42.3974357 ], [ -71.1246027, 42.3974291 ], [ -71.1246027, 42.3974289 ], [ -71.1246024, 42.3974291 ], [ -71.1246006, 42.3974305 ], [ -71.124458, 42.3973961 ], [ -71.1242725, 42.3973515 ], [ -71.1241793, 42.3973291 ], [ -71.1235374, 42.3971746 ], [ -71.1234319, 42.3971492 ], [ -71.1234088, 42.3971437 ], [ -71.123122, 42.3970783 ], [ -71.1231989, 42.3971716 ], [ -71.1232359, 42.3972181 ], [ -71.1237085, 42.3978109 ] ] ] } },
{ "type": "Feature", "properties": { "District": "Small Business", "DistType": "Small Business", "Shape_Leng": 335.55272697700002, "Shape_Area": 7041.5537369699996 }, "geometry": { "type": "Polygon", "coordinates": [ [ [ -71.1207329, 42.3982122 ], [ -71.1210246, 42.3983182 ], [ -71.1210249, 42.3983183 ], [ -71.121025, 42.3983182 ], [ -71.1210836, 42.3982594 ], [ -71.1211372, 42.3981978 ], [ -71.1211771, 42.3981449 ], [ -71.1211768, 42.3981448 ], [ -71.1208698, 42.3980233 ], [ -71.1207329, 42.3982122 ] ] ] } },
{ "type": "Feature", "properties": { "District": "Small Business", "DistType": "Small Business", "Shape_Leng": 388.73708400800001, "Shape_Area": 7175.1393170499996 }, "geometry": { "type": "Polygon", "coordinates": [ [ [ -71.1240288, 42.3981975 ], [ -71.1240612, 42.3982329 ], [ -71.1241081, 42.3982902 ], [ -71.1242104, 42.3984154 ], [ -71.1242106, 42.3984155 ], [ -71.1242108, 42.3984154 ], [ -71.124394, 42.3982744 ], [ -71.1244061, 42.3982648 ], [ -71.1244059, 42.3982647 ], [ -71.1242734, 42.3981658 ], [ -71.1243137, 42.3981355 ], [ -71.124289, 42.3981174 ], [ -71.1243441, 42.398076 ], [ -71.124262, 42.3980165 ], [ -71.1240288, 42.3981975 ] ] ] } },
{ "type": "Feature", "properties": { "District": "Small Business", "DistType": "Small Business", "Shape_Leng": 352.49380013199999, "Shape_Area": 6578.61151006 }, "geometry": { "type": "Polygon", "coordinates": [ [ [ -71.1206814, 42.3982305 ], [ -71.1206479, 42.3983155 ], [ -71.1206829, 42.3983274 ], [ -71.1205684, 42.3984903 ], [ -71.1207112, 42.3985421 ], [ -71.1207114, 42.3985421 ], [ -71.1207115, 42.3985421 ], [ -71.1208202, 42.3984768 ], [ -71.1208611, 42.398449 ], [ -71.1208613, 42.3984488 ], [ -71.120893, 42.3984272 ], [ -71.1209612, 42.3983743 ], [ -71.1209953, 42.3983444 ], [ -71.1206817, 42.3982305 ], [ -71.1206814, 42.3982304 ], [ -71.1206814, 42.3982305 ] ] ] } },
{ "type": "Feature", "properties": { "District": "Small Business", "DistType": "Small Business", "Shape_Leng": 759.39474187200005, "Shape_Area": 21814.589581200002 }, "geometry": { "type": "Polygon", "coordinates": [ [ [ -71.1194991, 42.3988676 ], [ -71.1197463, 42.3989629 ], [ -71.1197464, 42.3989629 ], [ -71.1197466, 42.3989629 ], [ -71.1199107, 42.3988936 ], [ -71.1199109, 42.3988935 ], [ -71.1199394, 42.3988814 ], [ -71.1200646, 42.3988274 ], [ -71.1200649, 42.3988273 ], [ -71.12026, 42.3987431 ], [ -71.1202603, 42.398743 ], [ -71.1204784, 42.3986489 ], [ -71.1205684, 42.3986101 ], [ -71.1202401, 42.3984931 ], [ -71.1201876, 42.3984739 ], [ -71.1201873, 42.3984738 ], [ -71.1201872, 42.3984739 ], [ -71.1201138, 42.3985766 ], [ -71.1200541, 42.39866 ], [ -71.1198901, 42.3985947 ], [ -71.1198771, 42.398614 ], [ -71.1198396, 42.3986695 ], [ -71.1196739, 42.3986083 ], [ -71.1196679, 42.3986173 ], [ -71.1194991, 42.3988676 ] ] ] } },
{ "type": "Feature", "properties": { "District": "Small Business", "DistType": "Small Business", "Shape_Leng": 863.36471172300003, "Shape_Area": 32993.678145600003 }, "geometry": { "type": "Polygon", "coordinates": [ [ [ -71.1213539, 42.3982483 ], [ -71.1212956, 42.39832 ], [ -71.1212312, 42.3983887 ], [ -71.1211791, 42.3984375 ], [ -71.1211612, 42.3984543 ], [ -71.1210856, 42.3985165 ], [ -71.1210408, 42.3985489 ], [ -71.1210049, 42.3985749 ], [ -71.1209193, 42.3986295 ], [ -71.1208292, 42.3986799 ], [ -71.1207351, 42.398726 ], [ -71.1212733, 42.3990122 ], [ -71.1214315, 42.3988397 ], [ -71.1214885, 42.3987635 ], [ -71.1216047, 42.3986329 ], [ -71.1214473, 42.3985607 ], [ -71.1215494, 42.3984365 ], [ -71.1215144, 42.3984204 ], [ -71.1216318, 42.3982791 ], [ -71.1214039, 42.3981771 ], [ -71.1213539, 42.3982483 ] ] ] } },
{ "type": "Feature", "properties": { "District": "Small Business", "DistType": "Small Business", "Shape_Leng": 226.33673292200001, "Shape_Area": 2819.90153 }, "geometry": { "type": "Polygon", "coordinates": [ [ [ -71.1246259, 42.3989373 ], [ -71.1247096, 42.3990402 ], [ -71.1247097, 42.3990404 ], [ -71.1247099, 42.3990402 ], [ -71.1248796, 42.3988703 ], [ -71.1248836, 42.3988661 ], [ -71.1248834, 42.398866 ], [ -71.1247812, 42.3988133 ], [ -71.1247683, 42.3987988 ], [ -71.1246259, 42.3989373 ] ] ] } },
{ "type": "Feature", "properties": { "District": "Small Business", "DistType": "Small Business", "Shape_Leng": 691.81982866199996, "Shape_Area": 20916.129652399999 }, "geometry": { "type": "Polygon", "coordinates": [ [ [ -71.1198909, 42.399088 ], [ -71.1201327, 42.3992196 ], [ -71.1202866, 42.3993016 ], [ -71.1204047, 42.3991786 ], [ -71.1205026, 42.3990768 ], [ -71.12057, 42.399113 ], [ -71.1206773, 42.3990027 ], [ -71.120759, 42.3990464 ], [ -71.1208663, 42.3989348 ], [ -71.1208664, 42.3989347 ], [ -71.120594, 42.3987888 ], [ -71.1205939, 42.3987887 ], [ -71.1205937, 42.3987888 ], [ -71.120418, 42.3988642 ], [ -71.120357, 42.3988904 ], [ -71.1202444, 42.3989381 ], [ -71.1200853, 42.3990055 ], [ -71.1198909, 42.399088 ] ] ] } },
{ "type": "Feature", "properties": { "District": "Small Business", "DistType": "Small Business", "Shape_Leng": 696.96595559100001, "Shape_Area": 22038.9304257 }, "geometry": { "type": "Polygon", "coordinates": [ [ [ -71.118695, 42.3991237 ], [ -71.1186209, 42.3992423 ], [ -71.1186617, 42.3992589 ], [ -71.1188995, 42.3993503 ], [ -71.1188997, 42.3993504 ], [ -71.1188999, 42.3993503 ], [ -71.1189643, 42.3993123 ], [ -71.1190621, 42.399264 ], [ -71.1190623, 42.3992639 ], [ -71.1190751, 42.3992576 ], [ -71.1192504, 42.3991787 ], [ -71.1192506, 42.3991787 ], [ -71.1192848, 42.3991633 ], [ -71.1194017, 42.3991108 ], [ -71.1194811, 42.3990769 ], [ -71.1194914, 42.3990725 ], [ -71.1195929, 42.3990301 ], [ -71.1192863, 42.3989126 ], [ -71.1191438, 42.398858 ], [ -71.1191019, 42.3988418 ], [ -71.1191017, 42.3988417 ], [ -71.1191016, 42.3988418 ], [ -71.1189483, 42.3990648 ], [ -71.1187857, 42.399003 ], [ -71.1187754, 42.398999 ], [ -71.118695, 42.3991237 ] ] ] } },
{ "type": "Feature", "properties": { "District": "Small Business", "DistType": "Small Business", "Shape_Leng": 706.76157693799996, "Shape_Area": 20969.1079183 }, "geometry": { "type": "Polygon", "coordinates": [ [ [ -71.1190523, 42.3994538 ], [ -71.1192823, 42.3995757 ], [ -71.1193938, 42.3996349 ], [ -71.1195018, 42.3995235 ], [ -71.1196099, 42.3994121 ], [ -71.1197484, 42.3994855 ], [ -71.1198022, 42.39943 ], [ -71.1198879, 42.3994756 ], [ -71.1200428, 42.3993041 ], [ -71.1200429, 42.399304 ], [ -71.1199723, 42.3992651 ], [ -71.1197425, 42.3991419 ], [ -71.1197423, 42.3991419 ], [ -71.1197421, 42.3991419 ], [ -71.1196833, 42.3991673 ], [ -71.1195654, 42.3992209 ], [ -71.1193917, 42.3992997 ], [ -71.1192837, 42.3993487 ], [ -71.1192209, 42.3993772 ], [ -71.1190523, 42.3994538 ] ] ] } },
{ "type": "Feature", "properties": { "District": "Small Business", "DistType": "Small Business", "Shape_Leng": 632.344426881, "Shape_Area": 21420.003970400001 }, "geometry": { "type": "Polygon", "coordinates": [ [ [ -71.1183556, 42.3998891 ], [ -71.1183509, 42.3998934 ], [ -71.1187089, 42.4000802 ], [ -71.1188177, 42.3999718 ], [ -71.1189281, 42.3998617 ], [ -71.1189847, 42.3998916 ], [ -71.1190934, 42.3997805 ], [ -71.1192024, 42.3996689 ], [ -71.1192025, 42.3996688 ], [ -71.1189373, 42.3995272 ], [ -71.1189371, 42.3995271 ], [ -71.1189369, 42.3995272 ], [ -71.1188534, 42.3995738 ], [ -71.1187784, 42.3996152 ], [ -71.1186939, 42.3996616 ], [ -71.1186272, 42.3997027 ], [ -71.1185426, 42.3997548 ], [ -71.118484, 42.3997951 ], [ -71.118431, 42.3998317 ], [ -71.1183556, 42.3998891 ] ] ] } },
{ "type": "Feature", "properties": { "District": "Small Business", "DistType": "Small Business", "Shape_Leng": 1053.7631546299999, "Shape_Area": 45800.287170900003 }, "geometry": { "type": "Polygon", "coordinates": [ [ [ -71.1177856, 42.3994954 ], [ -71.1177305, 42.399553 ], [ -71.1176842, 42.3996014 ], [ -71.1176217, 42.3996668 ], [ -71.1175828, 42.3997075 ], [ -71.1174813, 42.3998136 ], [ -71.1174786, 42.3998164 ], [ -71.1173798, 42.3999197 ], [ -71.1174155, 42.3999405 ], [ -71.117442, 42.3999568 ], [ -71.1174682, 42.3999733 ], [ -71.1174939, 42.3999902 ], [ -71.1175193, 42.4000074 ], [ -71.1175443, 42.400025 ], [ -71.1175688, 42.4000429 ], [ -71.1175929, 42.4000611 ], [ -71.1176166, 42.4000795 ], [ -71.1176399, 42.4000983 ], [ -71.1176627, 42.4001174 ], [ -71.1176849, 42.4001367 ], [ -71.117685, 42.4001368 ], [ -71.1176852, 42.4001367 ], [ -71.1179543, 42.39994 ], [ -71.1179545, 42.3999399 ], [ -71.1180862, 42.3998437 ], [ -71.1180863, 42.3998436 ], [ -71.118217, 42.3997482 ], [ -71.1182171, 42.399748 ], [ -71.1182682, 42.3997108 ], [ -71.1183206, 42.3996722 ], [ -71.1183552, 42.3996491 ], [ -71.1183553, 42.399649 ], [ -71.1184352, 42.3995955 ], [ -71.1185563, 42.3995244 ], [ -71.1185806, 42.3995118 ], [ -71.1185808, 42.3995117 ], [ -71.1186831, 42.399459 ], [ -71.1187674, 42.3994226 ], [ -71.1186037, 42.3993562 ], [ -71.1183374, 42.399253 ], [ -71.1183371, 42.3992529 ], [ -71.118337, 42.399253 ], [ -71.1182436, 42.3993678 ], [ -71.1181471, 42.3994866 ], [ -71.117997, 42.3994305 ], [ -71.1178869, 42.3993894 ], [ -71.1178392, 42.3994393 ], [ -71.1177856, 42.3994954 ] ] ] } },
{ "type": "Feature", "properties": { "District": "Small Business", "DistType": "Small Business", "Shape_Leng": 713.05843249300005, "Shape_Area": 23400.057630800002 }, "geometry": { "type": "Polygon", "coordinates": [ [ [ -71.1182312, 42.3999604 ], [ -71.1180732, 42.4000782 ], [ -71.1179406, 42.400177 ], [ -71.1178407, 42.4002515 ], [ -71.1178101, 42.4002744 ], [ -71.1177692, 42.4003048 ], [ -71.1176653, 42.4003843 ], [ -71.117552, 42.4004711 ], [ -71.1177084, 42.4005813 ], [ -71.1178807, 42.4005263 ], [ -71.1178856, 42.4005247 ], [ -71.1180672, 42.4004667 ], [ -71.1180829, 42.4004617 ], [ -71.1182659, 42.4004032 ], [ -71.1183235, 42.4003848 ], [ -71.1183889, 42.4003166 ], [ -71.1182442, 42.4002073 ], [ -71.1183966, 42.4000478 ], [ -71.1183967, 42.4000476 ], [ -71.1182315, 42.3999604 ], [ -71.1182313, 42.3999603 ], [ -71.1182312, 42.3999604 ] ] ] } },
{ "type": "Feature", "properties": { "District": "Small Business", "DistType": "Small Business", "Shape_Leng": 207.17640328600001, "Shape_Area": 2500.1760835 }, "geometry": { "type": "Polygon", "coordinates": [ [ [ -71.1212452, 42.4011234 ], [ -71.1214627, 42.4011765 ], [ -71.121463, 42.4011765 ], [ -71.121463, 42.4011765 ], [ -71.1215488, 42.4010848 ], [ -71.1215486, 42.4010848 ], [ -71.1213409, 42.4010247 ], [ -71.1212452, 42.4011234 ] ] ] } },
{ "type": "Feature", "properties": { "District": "Small Business", "DistType": "Small Business", "Shape_Leng": 296.60296535999998, "Shape_Area": 5453.9264909599997 }, "geometry": { "type": "Polygon", "coordinates": [ [ [ -71.1232272, 42.4013981 ], [ -71.1230774, 42.4015765 ], [ -71.1233408, 42.4016466 ], [ -71.1234622, 42.4014848 ], [ -71.1232413, 42.401383 ], [ -71.1232272, 42.4013981 ] ] ] } },
{ "type": "Feature", "properties": { "District": "Small Business", "DistType": "Small Business", "Shape_Leng": 615.92173276699998, "Shape_Area": 18989.7764369 }, "geometry": { "type": "Polygon", "coordinates": [ [ [ -71.1298415, 42.4047375 ], [ -71.1299719, 42.4048349 ], [ -71.1301023, 42.4049323 ], [ -71.1302327, 42.4050296 ], [ -71.1303568, 42.4051222 ], [ -71.130363, 42.4051269 ], [ -71.1303632, 42.405127 ], [ -71.1303634, 42.4051269 ], [ -71.1305156, 42.4050099 ], [ -71.1305158, 42.4050098 ], [ -71.1306441, 42.4049111 ], [ -71.130644, 42.404911 ], [ -71.1305111, 42.4048157 ], [ -71.1303778, 42.4047201 ], [ -71.1302465, 42.4046224 ], [ -71.1301166, 42.4047237 ], [ -71.1299836, 42.4046283 ], [ -71.1298415, 42.4047375 ] ] ] } },
{ "type": "Feature", "properties": { "District": "Small Business", "DistType": "Small Business", "Shape_Leng": 569.38469683100004, "Shape_Area": 17992.9666579 }, "geometry": { "type": "Polygon", "coordinates": [ [ [ -71.1304664, 42.4052104 ], [ -71.1305838, 42.405298 ], [ -71.1306986, 42.4053837 ], [ -71.1307679, 42.4054354 ], [ -71.1307841, 42.4054467 ], [ -71.1308012, 42.4054572 ], [ -71.1308191, 42.405467 ], [ -71.1308274, 42.405471 ], [ -71.1309574, 42.4055328 ], [ -71.1309576, 42.4055329 ], [ -71.1309577, 42.4055328 ], [ -71.1311383, 42.4053891 ], [ -71.1311384, 42.405389 ], [ -71.1312251, 42.4053201 ], [ -71.1312249, 42.40532 ], [ -71.1311013, 42.405235 ], [ -71.1309882, 42.4051572 ], [ -71.1309375, 42.4051969 ], [ -71.1308173, 42.4051135 ], [ -71.1306978, 42.4050326 ], [ -71.1304664, 42.4052104 ] ] ] } },
{ "type": "Feature", "properties": { "District": "Small Business", "DistType": "Small Business", "Shape_Leng": 350.94340759599999, "Shape_Area": 7499.1833335000001 }, "geometry": { "type": "Polygon", "coordinates": [ [ [ -71.1301635, 42.4052244 ], [ -71.1299867, 42.4054839 ], [ -71.1302548, 42.4055802 ], [ -71.1303892, 42.4053848 ], [ -71.1303893, 42.4053846 ], [ -71.1303541, 42.4053596 ], [ -71.1301638, 42.4052244 ], [ -71.1301636, 42.4052242 ], [ -71.1301635, 42.4052244 ] ] ] } },
{ "type": "Feature", "properties": { "District": "Small Business", "DistType": "Small Business", "Shape_Leng": 555.82423518899998, "Shape_Area": 16294.3986984 }, "geometry": { "type": "Polygon", "coordinates": [ [ [ -71.1310838, 42.4055926 ], [ -71.1312396, 42.4056668 ], [ -71.1313724, 42.4057299 ], [ -71.1313783, 42.4057327 ], [ -71.1314555, 42.4057702 ], [ -71.1315102, 42.4057968 ], [ -71.1316566, 42.4058685 ], [ -71.1316568, 42.4058686 ], [ -71.1316569, 42.4058685 ], [ -71.1318543, 42.4056915 ], [ -71.1318541, 42.4056914 ], [ -71.131729, 42.4056134 ], [ -71.131603, 42.405535 ], [ -71.131578, 42.4055562 ], [ -71.1314579, 42.4054746 ], [ -71.1313362, 42.4053919 ], [ -71.1310838, 42.4055926 ] ] ] } },
{ "type": "Feature", "properties": { "District": "Small Business", "DistType": "Small Business", "Shape_Leng": 441.07155310600001, "Shape_Area": 8676.3607631199993 }, "geometry": { "type": "Polygon", "coordinates": [ [ [ -71.1307215, 42.4056218 ], [ -71.1306441, 42.4057352 ], [ -71.1308908, 42.405861 ], [ -71.1308729, 42.4058872 ], [ -71.1311176, 42.4060119 ], [ -71.1311178, 42.4060121 ], [ -71.1311179, 42.406012 ], [ -71.1311357, 42.4059859 ], [ -71.1312219, 42.4058596 ], [ -71.130973, 42.4057412 ], [ -71.1309727, 42.4057411 ], [ -71.130744, 42.405632 ], [ -71.1307218, 42.4056218 ], [ -71.1307216, 42.4056217 ], [ -71.1307215, 42.4056218 ] ] ] } },
{ "type": "Feature", "properties": { "District": "Small Business", "DistType": "Small Business", "Shape_Leng": 239.15780653300001, "Shape_Area": 3184.6099153300001 }, "geometry": { "type": "Polygon", "coordinates": [ [ [ -71.1272363, 42.4077524 ], [ -71.1271095, 42.4079506 ], [ -71.127244, 42.4079972 ], [ -71.127369, 42.4078011 ], [ -71.1273691, 42.407801 ], [ -71.1272367, 42.4077524 ], [ -71.1272364, 42.4077523 ], [ -71.1272363, 42.4077524 ] ] ] } },
{ "type": "Feature", "properties": { "District": "Union Square", "DistType": "Master Planned Development", "Shape_Leng": 7648.3147855300003, "Shape_Area": 1121379.8078699999 }, "geometry": { "type": "Polygon", "coordinates": [ [ [ -71.0962045, 42.381102 ], [ -71.0962702, 42.3811509 ], [ -71.0963668, 42.3810784 ], [ -71.0964393, 42.3811074 ], [ -71.0965233, 42.381141 ], [ -71.0965908, 42.3810482 ], [ -71.0965589, 42.3810355 ], [ -71.0965459, 42.3810303 ], [ -71.0965993, 42.3809644 ], [ -71.0965416, 42.3808534 ], [ -71.0966676, 42.3807604 ], [ -71.0968678, 42.3806857 ], [ -71.0969516, 42.3806545 ], [ -71.0969366, 42.380632 ], [ -71.0967711, 42.3803853 ], [ -71.0967397, 42.380342 ], [ -71.0967222, 42.3803178 ], [ -71.0967098, 42.3803007 ], [ -71.0966886, 42.3802755 ], [ -71.0966414, 42.3802195 ], [ -71.0966058, 42.380181 ], [ -71.0964491, 42.3800178 ], [ -71.0964351, 42.3800027 ], [ -71.0964284, 42.3799947 ], [ -71.0963933, 42.3799514 ], [ -71.0963619, 42.3799066 ], [ -71.0963345, 42.3798604 ], [ -71.0963211, 42.3798303 ], [ -71.0963129, 42.3797991 ], [ -71.0963101, 42.3797674 ], [ -71.0963125, 42.3797447 ], [ -71.0963199, 42.3797225 ], [ -71.0963321, 42.3797016 ], [ -71.0963488, 42.3796824 ], [ -71.0963694, 42.3796655 ], [ -71.0963936, 42.3796514 ], [ -71.0964205, 42.3796403 ], [ -71.0962877, 42.3796508 ], [ -71.0961546, 42.3796583 ], [ -71.0958959, 42.379668 ], [ -71.0957825, 42.3796713 ], [ -71.0957681, 42.3796714 ], [ -71.0957189, 42.3796682 ], [ -71.0956765, 42.3796618 ], [ -71.0957093, 42.3795451 ], [ -71.0957501, 42.3794001 ], [ -71.0958014, 42.3792174 ], [ -71.0957733, 42.3790148 ], [ -71.0957696, 42.3789885 ], [ -71.095612, 42.3790153 ], [ -71.095551, 42.3790256 ], [ -71.0954125, 42.3790491 ], [ -71.0953539, 42.378858 ], [ -71.0952916, 42.3788403 ], [ -71.09516, 42.3788031 ], [ -71.0950636, 42.3787759 ], [ -71.095022, 42.3787634 ], [ -71.0949068, 42.3787288 ], [ -71.0948843, 42.378723 ], [ -71.09479, 42.3786987 ], [ -71.0946396, 42.3786599 ], [ -71.0947475, 42.3785964 ], [ -71.0949625, 42.3784619 ], [ -71.0951945, 42.3783168 ], [ -71.0952867, 42.3782639 ], [ -71.0955422, 42.3781087 ], [ -71.0957347, 42.3779928 ], [ -71.0958776, 42.3779067 ], [ -71.0958647, 42.3778658 ], [ -71.0958499, 42.3778198 ], [ -71.0958243, 42.3777393 ], [ -71.0959072, 42.377699 ], [ -71.0961437, 42.3775841 ], [ -71.0961901, 42.3775615 ], [ -71.0961471, 42.3774812 ], [ -71.0961007, 42.3773945 ], [ -71.0960441, 42.3772885 ], [ -71.0961736, 42.3772288 ], [ -71.0961486, 42.3772006 ], [ -71.0962811, 42.3771646 ], [ -71.0962458, 42.3769633 ], [ -71.0962291, 42.376868 ], [ -71.0961445, 42.3768757 ], [ -71.0961032, 42.3768796 ], [ -71.0959976, 42.3768892 ], [ -71.0959598, 42.3768927 ], [ -71.095477, 42.3769371 ], [ -71.0954449, 42.37683 ], [ -71.0953283, 42.3764415 ], [ -71.0952776, 42.3762728 ], [ -71.0952714, 42.3762541 ], [ -71.0952624, 42.3762275 ], [ -71.0951568, 42.3759114 ], [ -71.0943902, 42.3758399 ], [ -71.0943485, 42.3758366 ], [ -71.0943038, 42.3758381 ], [ -71.0942808, 42.3758473 ], [ -71.0942433, 42.3758566 ], [ -71.0941995, 42.3758631 ], [ -71.0941284, 42.3758696 ], [ -71.0939827, 42.3758773 ], [ -71.0939818, 42.3758774 ], [ -71.0937238, 42.3758788 ], [ -71.0936713, 42.3758732 ], [ -71.0936691, 42.3758859 ], [ -71.0935574, 42.376547 ], [ -71.0935365, 42.3766709 ], [ -71.0933611, 42.3766147 ], [ -71.09336, 42.3767488 ], [ -71.093354, 42.376808 ], [ -71.0933471, 42.3768765 ], [ -71.0933431, 42.3769167 ], [ -71.0933111, 42.3772338 ], [ -71.0937537, 42.3772616 ], [ -71.0937503, 42.3772955 ], [ -71.0937386, 42.3774114 ], [ -71.0937386, 42.3774115 ], [ -71.0937382, 42.3774149 ], [ -71.0937505, 42.3775498 ], [ -71.0937648, 42.3776807 ], [ -71.0937802, 42.3778219 ], [ -71.093782, 42.3779642 ], [ -71.0937825, 42.378033 ], [ -71.093783, 42.3781018 ], [ -71.0937827, 42.3782435 ], [ -71.0937473, 42.3782415 ], [ -71.0937332, 42.3783975 ], [ -71.093616, 42.3785756 ], [ -71.0934947, 42.37876 ], [ -71.0934356, 42.378849 ], [ -71.0933764, 42.3789411 ], [ -71.0933759, 42.3789409 ], [ -71.0932783, 42.3789043 ], [ -71.0932706, 42.3789016 ], [ -71.0931497, 42.378858 ], [ -71.0924927, 42.3786212 ], [ -71.0919751, 42.3784357 ], [ -71.0920869, 42.3793214 ], [ -71.0920926, 42.3793866 ], [ -71.0921006, 42.3794778 ], [ -71.0921286, 42.379475 ], [ -71.0921542, 42.3794724 ], [ -71.0921933, 42.3794705 ], [ -71.0922547, 42.3794672 ], [ -71.0922566, 42.379556 ], [ -71.0922625, 42.3798304 ], [ -71.09242, 42.3798272 ], [ -71.0925664, 42.3798388 ], [ -71.0925711, 42.3798189 ], [ -71.092866, 42.3798606 ], [ -71.0929387, 42.3798709 ], [ -71.0929372, 42.3798752 ], [ -71.0929319, 42.3798907 ], [ -71.0929268, 42.3799057 ], [ -71.0929953, 42.3799196 ], [ -71.0933181, 42.3799851 ], [ -71.0932704, 42.3801034 ], [ -71.0932471, 42.3801611 ], [ -71.0933728, 42.3801732 ], [ -71.0936946, 42.3802045 ], [ -71.0937728, 42.3802121 ], [ -71.0938106, 42.3800991 ], [ -71.0938126, 42.380093 ], [ -71.0938807, 42.3800987 ], [ -71.0941197, 42.3802914 ], [ -71.0941357, 42.3803032 ], [ -71.0941749, 42.3801674 ], [ -71.0942839, 42.3801764 ], [ -71.0944126, 42.3801871 ], [ -71.0944285, 42.3801884 ], [ -71.0945356, 42.3801974 ], [ -71.0945853, 42.3800737 ], [ -71.094866, 42.3801015 ], [ -71.094845, 42.3801418 ], [ -71.0949454, 42.3801987 ], [ -71.0951034, 42.3800481 ], [ -71.0952392, 42.3800607 ], [ -71.0952202, 42.3800789 ], [ -71.0952382, 42.3800894 ], [ -71.0952269, 42.3801002 ], [ -71.0952486, 42.3801125 ], [ -71.0952491, 42.3801319 ], [ -71.095323, 42.3801546 ], [ -71.095445, 42.3802237 ], [ -71.095506, 42.3802583 ], [ -71.0956364, 42.3801336 ], [ -71.0956962, 42.3801682 ], [ -71.0959151, 42.3802947 ], [ -71.0958243, 42.3803814 ], [ -71.0957298, 42.3804717 ], [ -71.0958134, 42.38052 ], [ -71.0957503, 42.3805666 ], [ -71.0960391, 42.3807826 ], [ -71.0960906, 42.3808211 ], [ -71.0959577, 42.3809188 ], [ -71.0960096, 42.3809574 ], [ -71.0960993, 42.381024 ], [ -71.0961173, 42.3810374 ], [ -71.0962045, 42.381102 ] ] ] } },
{ "type": "Feature", "properties": { "District": "Union Square East", "DistType": "Master Planned Development", "Shape_Leng": 1786.0919986, "Shape_Area": 141150.62572400001 }, "geometry": { "type": "Polygon", "coordinates": [ [ [ -71.0865612, 42.3756243 ], [ -71.086633, 42.3756874 ], [ -71.0868109, 42.3758539 ], [ -71.0868774, 42.3759161 ], [ -71.0870319, 42.3760517 ], [ -71.0872394, 42.3761531 ], [ -71.0875708, 42.376315 ], [ -71.0875912, 42.376325 ], [ -71.0879288, 42.3764901 ], [ -71.0882903, 42.3766668 ], [ -71.0882933, 42.3766683 ], [ -71.0885796, 42.3768087 ], [ -71.0886133, 42.3768252 ], [ -71.0887089, 42.3768698 ], [ -71.0887188, 42.376875 ], [ -71.0887291, 42.3768797 ], [ -71.0887398, 42.3768839 ], [ -71.0887509, 42.3768875 ], [ -71.0887622, 42.3768907 ], [ -71.0887738, 42.3768933 ], [ -71.0887856, 42.3768954 ], [ -71.0887976, 42.3768969 ], [ -71.0888096, 42.3768978 ], [ -71.08881, 42.3768978 ], [ -71.0888214, 42.3768982 ], [ -71.0888217, 42.3768982 ], [ -71.0888221, 42.3768982 ], [ -71.0888335, 42.376898 ], [ -71.0888338, 42.376898 ], [ -71.0888459, 42.3768972 ], [ -71.0888579, 42.3768959 ], [ -71.0888698, 42.376894 ], [ -71.0888814, 42.3768915 ], [ -71.0888928, 42.3768886 ], [ -71.0889016, 42.3768858 ], [ -71.0889112, 42.376883 ], [ -71.0889175, 42.3768809 ], [ -71.0889237, 42.3768787 ], [ -71.0889298, 42.3768763 ], [ -71.0889358, 42.3768738 ], [ -71.0889416, 42.376871 ], [ -71.0889474, 42.3768682 ], [ -71.0889529, 42.3768652 ], [ -71.0889584, 42.376862 ], [ -71.0889637, 42.3768587 ], [ -71.0889688, 42.3768553 ], [ -71.0889738, 42.3768518 ], [ -71.0889786, 42.3768481 ], [ -71.0889832, 42.3768443 ], [ -71.0889877, 42.3768404 ], [ -71.0889919, 42.3768364 ], [ -71.088996, 42.3768322 ], [ -71.0889999, 42.376828 ], [ -71.0890036, 42.3768237 ], [ -71.0890071, 42.3768193 ], [ -71.0890103, 42.3768147 ], [ -71.0890134, 42.3768101 ], [ -71.0890162, 42.3768055 ], [ -71.0890189, 42.3768008 ], [ -71.0890212, 42.376796 ], [ -71.0890234, 42.3767911 ], [ -71.0890253, 42.3767862 ], [ -71.089027, 42.3767812 ], [ -71.0890031, 42.3766659 ], [ -71.0889946, 42.3766319 ], [ -71.088988, 42.3766058 ], [ -71.0889474, 42.3764384 ], [ -71.0889294, 42.3763757 ], [ -71.0889062, 42.3763142 ], [ -71.0888995, 42.376299 ], [ -71.0888686, 42.3762301 ], [ -71.0887118, 42.3758812 ], [ -71.0887113, 42.3758799 ], [ -71.0887109, 42.3758798 ], [ -71.0880856, 42.3758039 ], [ -71.08783, 42.3757729 ], [ -71.0877204, 42.3757596 ], [ -71.0873399, 42.3757134 ], [ -71.0865528, 42.3756179 ], [ -71.0865612, 42.3756243 ] ] ] } },
{ "type": "Feature", "properties": { "District": "Small Business", "DistType": "Small Business", "Shape_Leng": 327.23146683599998, "Shape_Area": 6015.49048253 }, "geometry": { "type": "Polygon", "coordinates": [ [ [ -71.0896495, 42.3785426 ], [ -71.0896863, 42.3786933 ], [ -71.0896943, 42.3787257 ], [ -71.089916, 42.3786944 ], [ -71.0899237, 42.378724 ], [ -71.0900096, 42.3787119 ], [ -71.0900018, 42.3786795 ], [ -71.0899992, 42.3786686 ], [ -71.0899861, 42.3786146 ], [ -71.0899582, 42.378499 ], [ -71.0898131, 42.3785195 ], [ -71.0896495, 42.3785426 ] ] ] } },
{ "type": "Feature", "properties": { "District": null, "DistType": null, "Shape_Leng": 327.23146683599998, "Shape_Area": 6015.49048253 }, "geometry": { "type": "Polygon", "coordinates": [ [ [ -71.0896495, 42.3785426 ], [ -71.0896863, 42.3786933 ], [ -71.0896943, 42.3787257 ], [ -71.089916, 42.3786944 ], [ -71.0899237, 42.378724 ], [ -71.0900096, 42.3787119 ], [ -71.0900018, 42.3786795 ], [ -71.0899992, 42.3786686 ], [ -71.0899861, 42.3786146 ], [ -71.0899582, 42.378499 ], [ -71.0898131, 42.3785195 ], [ -71.0896495, 42.3785426 ] ] ] } },
{ "type": "Feature", "properties": { "District": null, "DistType": null, "Shape_Leng": 327.23146683599998, "Shape_Area": 6015.49048253 }, "geometry": { "type": "Polygon", "coordinates": [ [ [ -71.0896495, 42.3785426 ], [ -71.0896863, 42.3786933 ], [ -71.0896943, 42.3787257 ], [ -71.089916, 42.3786944 ], [ -71.0899237, 42.378724 ], [ -71.0900096, 42.3787119 ], [ -71.0900018, 42.3786795 ], [ -71.0899992, 42.3786686 ], [ -71.0899861, 42.3786146 ], [ -71.0899582, 42.378499 ], [ -71.0898131, 42.3785195 ], [ -71.0896495, 42.3785426 ] ] ] } },
{ "type": "Feature", "properties": { "District": null, "DistType": null, "Shape_Leng": 327.23146683599998, "Shape_Area": 6015.49048253 }, "geometry": { "type": "Polygon", "coordinates": [ [ [ -71.0896495, 42.3785426 ], [ -71.0896863, 42.3786933 ], [ -71.0896943, 42.3787257 ], [ -71.089916, 42.3786944 ], [ -71.0899237, 42.378724 ], [ -71.0900096, 42.3787119 ], [ -71.0900018, 42.3786795 ], [ -71.0899992, 42.3786686 ], [ -71.0899861, 42.3786146 ], [ -71.0899582, 42.378499 ], [ -71.0898131, 42.3785195 ], [ -71.0896495, 42.3785426 ] ] ] } },
{ "type": "Feature", "properties": { "District": null, "DistType": null, "Shape_Leng": 327.23146683599998, "Shape_Area": 6015.49048253 }, "geometry": { "type": "Polygon", "coordinates": [ [ [ -71.0896495, 42.3785426 ], [ -71.0896863, 42.3786933 ], [ -71.0896943, 42.3787257 ], [ -71.089916, 42.3786944 ], [ -71.0899237, 42.378724 ], [ -71.0900096, 42.3787119 ], [ -71.0900018, 42.3786795 ], [ -71.0899992, 42.3786686 ], [ -71.0899861, 42.3786146 ], [ -71.0899582, 42.378499 ], [ -71.0898131, 42.3785195 ], [ -71.0896495, 42.3785426 ] ] ] } },
{ "type": "Feature", "properties": { "District": null, "DistType": null, "Shape_Leng": 327.23146683599998, "Shape_Area": 6015.49048253 }, "geometry": { "type": "Polygon", "coordinates": [ [ [ -71.0896495, 42.3785426 ], [ -71.0896863, 42.3786933 ], [ -71.0896943, 42.3787257 ], [ -71.089916, 42.3786944 ], [ -71.0899237, 42.378724 ], [ -71.0900096, 42.3787119 ], [ -71.0900018, 42.3786795 ], [ -71.0899992, 42.3786686 ], [ -71.0899861, 42.3786146 ], [ -71.0899582, 42.378499 ], [ -71.0898131, 42.3785195 ], [ -71.0896495, 42.3785426 ] ] ] } },
{ "type": "Feature", "properties": { "District": null, "DistType": null, "Shape_Leng": 327.23146683599998, "Shape_Area": 6015.49048253 }, "geometry": { "type": "Polygon", "coordinates": [ [ [ -71.0896495, 42.3785426 ], [ -71.0896863, 42.3786933 ], [ -71.0896943, 42.3787257 ], [ -71.089916, 42.3786944 ], [ -71.0899237, 42.378724 ], [ -71.0900096, 42.3787119 ], [ -71.0900018, 42.3786795 ], [ -71.0899992, 42.3786686 ], [ -71.0899861, 42.3786146 ], [ -71.0899582, 42.378499 ], [ -71.0898131, 42.3785195 ], [ -71.0896495, 42.3785426 ] ] ] } },
{ "type": "Feature", "properties": { "District": null, "DistType": null, "Shape_Leng": 327.23146683599998, "Shape_Area": 6015.49048253 }, "geometry": { "type": "Polygon", "coordinates": [ [ [ -71.0896495, 42.3785426 ], [ -71.0896863, 42.3786933 ], [ -71.0896943, 42.3787257 ], [ -71.089916, 42.3786944 ], [ -71.0899237, 42.378724 ], [ -71.0900096, 42.3787119 ], [ -71.0900018, 42.3786795 ], [ -71.0899992, 42.3786686 ], [ -71.0899861, 42.3786146 ], [ -71.0899582, 42.378499 ], [ -71.0898131, 42.3785195 ], [ -71.0896495, 42.3785426 ] ] ] } },
{ "type": "Feature", "properties": { "District": "Small Business", "DistType": "Small Business", "Shape_Leng": 327.23146501799999, "Shape_Area": 6015.4873803800001 }, "geometry": { "type": "Polygon", "coordinates": [ [ [ -71.0900096, 42.3787119 ], [ -71.0899582, 42.378499 ], [ -71.0896495, 42.3785426 ], [ -71.0896943, 42.3787257 ], [ -71.089916, 42.3786944 ], [ -71.0899237, 42.378724 ], [ -71.0900096, 42.3787119 ] ] ] } }
]
}
